location_id,water_level,ultrasonic_distance,rainfall_intensity,rainfall_forecast,river_discharge,temperature,humidity,pressure,landslide_risk,earthquake_magnitude,elevation,terrain_type,soil_type,historical_flood_freq,distance_from_river,rainfall_accumulation_24h,water_level_change_rate,pressure_drop_rate,flood_probability,flood_label
0,106.22039254565054,-4.036408016935198,0.0,0.0,166.4227924874037,29.378320584027865,91.06743120167229,1024.9363972428232,0,0.0,187.27005942368123,coastal,rocky,0.596850157946487,19.01428612819832,0.0,-0.23129656477648106,1.505518477946444,0.4963364336318326,0
0,116.41449019943217,-17.490773522758087,0.0,0.0,101.13910979662468,30.054924518850992,34.845791839185104,1004.1940873395289,1,0.0,187.27005942368123,coastal,rocky,0.596850157946487,19.01428612819832,0.0,2.061999044991902,4.656400595580993,0.42365421758139166,0
0,109.11919315428852,-9.737617905990954,1.1557331734514646,0.0,95.04405662735262,17.774558042891556,51.13691593173856,1022.7554512712236,0,0.0,187.27005942368123,coastal,rocky,0.596850157946487,19.01428612819832,6.998795281546141,-2.075659753030964,0.37901872514092716,0.4154073701804515,0
0,134.32708691044976,-33.65072440646313,6.542981857143835,0.0,92.03936500771994,12.69728567483261,32.042897069637725,1003.7960919493263,0,0.0,187.27005942368123,coastal,rocky,0.596850157946487,19.01428612819832,86.80432154707991,-0.43934377567502386,1.7855628575587321,0.4281276680816125,0
0,108.59969647177415,-7.1122739042316985,0.0,0.0,163.28040914414606,30.203009489110425,71.17124417317753,1008.7313120596027,0,0.0,187.27005942368123,coastal,rocky,0.596850157946487,19.01428612819832,0.0,0.19415509869608077,4.843224952664446,0.46655717899899707,0
0,131.67814913873931,-32.33347343193485,32.529694538342085,29.5701745781975,90.58449457230842,22.768682564439143,57.131715204670634,998.3648505186788,0,0.0,187.27005942368123,coastal,rocky,0.596850157946487,19.01428612819832,106.44026659677868,-0.32257142333201827,2.020254284072692,0.5394238600001885,1
0,107.83070407292745,-5.022786595608859,0.0,0.0,112.47714891867763,10.92217368386332,69.6216817086933,996.2649537800978,0,0.0,187.27005942368123,coastal,rocky,0.596850157946487,19.01428612819832,0.0,-0.38472192956224505,1.5077367116680622,0.45345158934703944,0
0,114.24509293619697,-14.259853236086114,0.0,4.069997585037087,147.40727045355877,19.194578317981332,71.09987898858267,1001.5020742250564,0,0.0,187.27005942368123,coastal,rocky,0.596850157946487,19.01428612819832,0.0,-0.9868649644066533,4.615813041709764,0.47183720927449896,0
0,113.04424494070196,-14.051196248934357,0.0,2.8740633380870064,144.47037981481816,19.668383657513434,90.88744926788775,1013.6856297480603,0,0.0,187.27005942368123,coastal,rocky,0.596850157946487,19.01428612819832,0.0,1.6270344347393395,6.154321582169776,0.514233974084064,1
0,112.6098955493227,-12.240627832258092,12.860440104189026,0.0,117.54828613607599,28.148891971755983,88.31216689691752,1020.8182287177731,0,0.0,187.27005942368123,coastal,rocky,0.596850157946487,19.01428612819832,57.81309626448359,0.45257653899774963,4.237007162883194,0.5247412512855114,1
0,114.01135048175716,-15.440053317809898,0.0,3.8092480096203674,146.14383041941332,15.931227187420003,51.1509803803524,1017.7383292091179,0,0.0,187.27005942368123,coastal,rocky,0.596850157946487,19.01428612819832,0.0,1.64412031998898,9.483964913269737,0.44615274330959326,0
0,105.69663283168227,-7.240194330668783,0.0,23.757378790325998,129.6356423070464,24.422597115658977,62.01365009822615,1010.6040549180619,0,0.0,187.27005942368123,coastal,rocky,0.596850157946487,19.01428612819832,0.0,0.08396012894004586,0.6863590854890804,0.47140746143305723,0
0,111.4286741886345,-10.000673200450318,0.0,28.760805257691285,113.23411954740233,19.62744321504813,85.3238836485957,1012.2717108734313,0,0.0,187.27005942368123,coastal,rocky,0.596850157946487,19.01428612819832,0.0,0.346361851702364,1.9265868986441839,0.5292537516743095,1
0,113.70075672998942,-15.318630512770145,0.0,17.911116379525097,145.3800262495136,18.98727878049388,49.08346987719207,1013.5136085947963,0,0.0,187.27005942368123,coastal,rocky,0.596850157946487,19.01428612819832,0.0,0.0478636289316739,4.359569944061964,0.4496304001961222,0
0,115.40044066872959,-13.12930938836839,0.0,6.187236107064813,119.62603865908858,12.349548496021725,67.5882091647513,1019.513912513058,0,0.0,187.27005942368123,coastal,rocky,0.596850157946487,19.01428612819832,0.0,1.372520380749027,8.063579355948258,0.4783330263525933,0
0,108.08038674711764,-8.75002124190711,0.0,0.0,139.10946735425634,12.1336866248442,33.3593118759595,1014.2855100007108,0,0.0,187.27005942368123,coastal,rocky,0.596850157946487,19.01428612819832,0.0,-4.050285173315214,0.9322715738471382,0.4124818305161901,0
0,111.74189907746162,-11.971371960395423,4.197397145444427,0.0,103.68929683320628,13.91092606677715,46.265788380698694,1021.6575519417012,0,0.0,187.27005942368123,coastal,rocky,0.596850157946487,19.01428612819832,22.998974021793867,0.7545925309208183,8.256754932397449,0.44285007488272987,0
0,104.94913828549369,-5.917606431226192,0.0,0.0,99.18124750551007,11.150066050543819,32.64737215073306,1005.9233053438122,0,0.0,187.27005942368123,coastal,rocky,0.596850157946487,19.01428612819832,0.0,-0.038884281799096386,4.6629582828054055,0.4236738906430649,0
0,111.28314735829795,-13.778713722227652,0.0,0.6954348603080209,119.54959330371611,25.646497892855912,62.7038568077057,998.6985862203936,0,0.0,187.27005942368123,coastal,rocky,0.596850157946487,19.01428612819832,0.0,0.39811939114694006,3.0010843857939733,0.445139134857904,0
0,115.78180159919897,-15.529611943550913,0.0,9.194339610766368,133.0216769722987,33.53662021941313,55.09667145705033,1025.8054076167746,1,0.0,187.27005942368123,coastal,rocky,0.596850157946487,19.01428612819832,0.0,-0.9728655321047212,1.0379913064285995,0.4367838420441847,0
0,109.59916433054269,-7.899960136500643,0.0,31.491237211304203,147.94729836408968,30.087023259621215,48.33224721713492,1006.0709040473935,0,0.0,187.27005942368123,coastal,rocky,0.596850157946487,19.01428612819832,0.0,-0.041803187928296265,0.5866369165439099,0.4586817823612367,0
0,109.19997447435769,-6.876099838864139,0.0,1.6325627821007702,161.1418865881997,22.63130931119643,83.71973529700321,1008.6048212452572,0,0.0,187.27005942368123,coastal,rocky,0.596850157946487,19.01428612819832,0.0,-0.542080924577085,3.0654734145418896,0.4887697508054319,0
0,152.18707171550352,-50.05661755040968,21.546568427267303,0.0,143.01926840767032,28.809363235942,81.45263784218015,1008.5322648821009,0,0.0,187.27005942368123,coastal,rocky,0.596850157946487,19.01428612819832,179.13429705393614,0.15160911638745267,3.3858085575605585,0.5258408540062253,1
0,111.00052556927915,-9.39289946652663,0.0,0.0,96.66290901321291,27.524228286478,34.72959541367258,1026.5788078809999,0,0.0,187.27005942368123,coastal,rocky,0.596850157946487,19.01428612819832,0.0,-2.8961686829946482,7.037318871882777,0.430796972410297,0
0,138.375412388634,-38.8023066920577,44.887444624993044,0.0,161.44137538937352,12.779937057653783,62.020631778905845,1027.7535621694956,0,0.0,187.27005942368123,coastal,rocky,0.596850157946487,19.01428612819832,72.09557084584648,2.5422764519618295,3.854315507320198,0.5350641151244071,1
0,112.00218737297946,-11.198763928781581,0.0,0.0,165.92157322557705,10.30386186724541,93.04212373599654,1008.9877952811416,0,0.0,187.27005942368123,coastal,rocky,0.596850157946487,19.01428612819832,0.0,0.9472547754551291,0.27175288969285566,0.4965845219357203,0
0,119.80170615423896,-17.883164502068542,0.0,0.0,161.0319936092965,11.136159508536448,48.262607323494976,1005.3265243711195,1,0.0,187.27005942368123,coastal,rocky,0.596850157946487,19.01428612819832,0.0,-2.9056989181447217,3.9200320545708416,0.4214451119583612,0
0,101.92650949371472,-2.97801953707624,0.0,64.25798363328808,145.03950047022988,23.40240915860301,50.1192950586113,1014.5039378647621,0,0.0,187.27005942368123,coastal,rocky,0.596850157946487,19.01428612819832,0.0,-2.6404664140412843,9.157293829271769,0.5337824628496187,1
0,138.54711251933938,-39.48546382354879,14.819702882337841,27.688698111504518,156.0821631981839,21.717328994874258,56.963267651948236,1026.5387237416542,0,0.0,187.27005942368123,coastal,rocky,0.596850157946487,19.01428612819832,179.2823496872764,0.010487399436366332,0.23490296882371028,0.4954887129369487,0
0,139.25737758661188,-38.01167772191688,28.014539242478396,13.977715538829273,108.0497718217943,26.792517110146417,70.17833562976323,1011.576205149787,0,0.0,187.27005942368123,coastal,rocky,0.596850157946487,19.01428612819832,213.5227354217576,3.102303951045046,0.5783731714642933,0.5287724583617688,1
0,113.39585262980029,-11.089362256943376,0.0,0.0,100.59480390814012,10.719566907833475,79.08392161878524,1014.6608813250815,0,0.0,187.27005942368123,coastal,rocky,0.596850157946487,19.01428612819832,0.0,2.1168489736991756,8.793697432115572,0.4942339513285659,0
0,116.97630591649452,-17.25046155857823,0.0,7.576201969487696,139.04614415156794,31.55909271866863,91.71884053774673,991.2913417186959,0,0.0,187.27005942368123,coastal,rocky,0.596850157946487,19.01428612819832,0.0,-0.5627702131021729,8.323465980975039,0.5294573977672988,1
0,124.94428946592745,-27.826680986919452,12.08450371296122,0.0,100.1245223208963,13.797567337807358,39.02376622221166,1012.2469634524488,0,0.0,187.27005942368123,coastal,rocky,0.596850157946487,19.01428612819832,32.33240520496499,-0.12535819454634375,4.775711602506191,0.44818115802808967,0
0,110.31257076181042,-11.263913457747625,0.0,0.0,99.5407488128249,21.519469200818143,43.411691696376515,1007.4097450676614,0,0.0,187.27005942368123,coastal,rocky,0.596850157946487,19.01428612819832,0.0,-1.3994510159851712,1.06989955367111,0.412894714455662,0
0,137.35128333059887,-37.79322252966532,31.43037886125001,0.0,106.52978901154535,19.26180256978455,61.493994037416385,1020.5750771004731,0,0.0,187.27005942368123,coastal,rocky,0.596850157946487,19.01428612819832,144.5985772788718,1.7028041847576574,4.9396792289827065,0.5103527992789296,1
0,114.8524364987274,-14.693471595092323,5.680186130680139,0.0,111.24836232159197,19.432104077615566,31.304627855552212,988.4325294313652,0,0.0,187.27005942368123,coastal,rocky,0.596850157946487,19.01428612819832,33.11504315174303,3.3742832701451295,4.408198784747253,0.4342699844102507,0
0,119.83319387199069,-21.555762274647215,5.469698680816306,0.0,100.0878463617309,17.09439764496811,53.60034926591128,1018.3891004368465,0,0.0,187.27005942368123,coastal,rocky,0.596850157946487,19.01428612819832,33.45830528262995,0.05538186323242558,0.6368273926857795,0.42973559386616117,0
0,109.29277526965461,-10.267026037184005,0.0,0.0,160.68593606774058,12.005843641541055,64.09324032206655,1004.3600923032019,0,0.2376546913948098,187.27005942368123,coastal,rocky,0.596850157946487,19.01428612819832,0.0,-1.1535426611366655,3.77695612912878,0.4492023648261681,0
0,115.18757116341564,-14.772564193097368,0.0,0.0,150.6591302518704,14.676093713938084,51.039150366275834,1029.1961215543731,0,0.0,187.27005942368123,coastal,rocky,0.596850157946487,19.01428612819832,0.0,0.5194450034429637,4.521583125522043,0.4253280659037665,0
0,106.85027947231434,-6.314794140907819,0.0,0.0,116.55521325742295,13.360366923474356,34.1193730807299,996.8899439004477,1,0.0,187.27005942368123,coastal,rocky,0.596850157946487,19.01428612819832,0.0,1.6713842241302836,5.6485342732880905,0.42663061861451296,0
0,109.24223155631871,-10.836022067259668,11.48262756742623,50.29764584123537,99.8291981782261,28.271686880091107,90.99212969336746,1010.9695461395701,0,0.0,187.27005942368123,coastal,rocky,0.596850157946487,19.01428612819832,71.79254530483124,2.3355641233196147,1.2721042165060656,0.5938973117276074,1
0,109.5734078516425,-8.396750814721216,0.0,16.413204585239534,131.2450310479105,18.970762103087562,87.01803515285204,1009.8094297893366,0,0.0,187.27005942368123,coastal,rocky,0.596850157946487,19.01428612819832,0.0,-1.3528260409680772,11.151649538129444,0.5417958415926004,1
0,112.63808001121151,-9.285205386660948,0.0,0.0,132.8590761850778,32.661802774113674,70.5754697344095,1010.8089947119114,0,0.0,187.27005942368123,coastal,rocky,0.596850157946487,19.01428612819832,0.0,-1.7496134274894033,2.001864365837765,0.45684154836098095,0
0,127.05335323069023,-26.88924348838464,13.0130260219851,0.0,109.61330953564268,28.598657314316924,32.17960825782566,1017.0382055867931,0,0.0,187.27005942368123,coastal,rocky,0.596850157946487,19.01428612819832,87.2364948817186,2.0750798885157984,2.550081994273735,0.44336131382144006,0
0,118.98086293451172,-19.870138051003,0.0,19.09644257987542,140.5478062017977,27.3487111116775,65.27708881759375,1007.47354226653,0,0.0,187.27005942368123,coastal,rocky,0.596850157946487,19.01428612819832,0.0,0.3411884071617265,4.177826991749519,0.4814173382748978,0
0,115.81781639703404,-15.928985738854946,0.0,0.0,138.2084952721899,10.452754595521013,86.68805408136984,1001.7451095270162,0,0.0,187.27005942368123,coastal,rocky,0.596850157946487,19.01428612819832,0.0,0.4337220739658766,2.210583326567365,0.4896928739370905,0
0,121.95611059763893,-19.26527050532897,0.0,38.96814319581176,125.55490426737072,12.830951146018881,94.01467793255175,1007.8878432356881,0,0.0,187.27005942368123,coastal,rocky,0.596850157946487,19.01428612819832,0.0,0.11144982457738921,5.470957592354742,0.5725794592305341,1
0,109.605553983691,-9.872355699474085,0.0,0.0,116.31058616173227,19.954217339773585,64.93071419096498,1007.17199398587,0,0.0,187.27005942368123,coastal,rocky,0.596850157946487,19.01428612819832,0.0,-0.6715693985802564,8.345107626446964,0.4645817670559195,0
0,106.91889307652932,-7.216966409988375,0.0,0.0,162.1103556284467,19.059847477915827,67.73824276807282,999.8085495479805,0,0.0,187.27005942368123,coastal,rocky,0.596850157946487,19.01428612819832,0.0,-0.5377773811096611,5.532629543708351,0.46175938996191934,0
0,112.54948370304963,-12.232971741142896,0.0,3.5340425737539483,160.78747566259034,15.12849101205018,42.39470184313833,1014.4928656347248,0,0.0,187.27005942368123,coastal,rocky,0.596850157946487,19.01428612819832,0.0,2.777164538080576,13.296756785246863,0.4548763500110202,0
0,118.7764140777519,-22.923194542568194,0.0,43.81367563897028,119.44691660354783,16.768616828588844,71.85997031053603,1009.2855913400421,0,0.0,187.27005942368123,coastal,rocky,0.596850157946487,19.01428612819832,0.0,1.8713567862949223,6.3577754749707935,0.5381987962990885,1
0,109.0236375979661,-10.480267897861872,0.0,0.0,141.46155947981825,15.954569526168163,36.463690529357436,1011.6965485401279,0,0.0,187.27005942368123,coastal,rocky,0.596850157946487,19.01428612819832,0.0,-0.7219323316381598,5.79664901682124,0.42707496284511237,0
0,109.25982152467628,-11.134532889122925,0.0,25.510438545292175,116.96591061345707,16.485585835782313,54.68000653087235,1030.6468693426273,0,0.0,187.27005942368123,coastal,rocky,0.596850157946487,19.01428612819832,0.0,2.493389473059174,10.849388435204293,0.48985885197994455,0
0,113.60107545127684,-13.794501675017626,0.0,10.024804944928746,160.5115754997646,29.996381398682882,57.638877790500175,1016.9913611435207,0,0.0,187.27005942368123,coastal,rocky,0.596850157946487,19.01428612819832,0.0,-2.696370844211426,3.716320470113575,0.45114894020338286,0
0,106.10375121647714,-5.902116371969031,0.0,0.0,141.35711639205357,30.74354509268004,43.41738266443921,1018.518636553095,0,0.0,187.27005942368123,coastal,rocky,0.596850157946487,19.01428612819832,0.0,0.5120594686277513,4.913454919727569,0.4244253805538314,0
0,107.5271986574469,-6.506605878282256,0.0,0.0,130.91826461630453,11.174149169376376,40.808418969145166,1021.0659324791369,0,0.0,187.27005942368123,coastal,rocky,0.596850157946487,19.01428612819832,0.0,-1.2230356059838965,7.033305484241112,0.430784932247372,0
0,119.25254771376443,-21.020103291492966,0.0,0.0,142.3222594547545,33.420743483118954,77.61718631866627,995.4642628209132,0,0.0,187.27005942368123,coastal,rocky,0.596850157946487,19.01428612819832,0.0,-1.1512756524755479,0.6100490732268072,0.46674953565166166,0
0,104.0982019848724,-2.123957584614983,0.0,0.0,147.40509666316262,22.38728290515496,74.74615576780283,1015.4252042561252,0,0.0,187.27005942368123,coastal,rocky,0.596850157946487,19.01428612819832,0.0,1.264815478111042,4.862772248133649,0.47376564407465527,0
0,103.73165347090855,-1.443383065675718,0.0,0.0,158.80937666108167,28.30562216023903,82.42647461099423,1010.7375478099133,0,0.0,187.27005942368123,coastal,rocky,0.596850157946487,19.01428612819832,0.0,-0.14033142291729406,8.304804667579957,0.499452379019377,0
0,116.63841178845645,-16.37071647996445,0.0,43.30760521861462,127.39642580662503,31.551066274732836,84.89571090477958,1010.8672762403421,0,0.0,187.27005942368123,coastal,rocky,0.596850157946487,19.01428612819832,0.0,-2.81031984472892,2.5051667175867247,0.55195334558489,1
0,113.65665697343232,-14.614154216759275,0.0,0.0,114.87605432224996,23.48728230938343,81.39700571453264,1004.053926977805,0,0.0,187.27005942368123,coastal,rocky,0.596850157946487,19.01428612819832,0.0,-2.698927142851047,2.9275173042928957,0.4812615791365926,0
0,112.95740806164088,-10.826447311510174,0.0,0.0,139.47304617615742,31.84192785465847,93.96542549795419,1027.0934744018557,0,0.0,187.27005942368123,coastal,rocky,0.596850157946487,19.01428612819832,0.0,-1.7452612547420214,3.968289709901768,0.5095207359202624,1
0,105.82373556009237,-7.66103945306077,0.0,0.0,91.44493824446687,34.69305974340079,57.80525369283105,1005.3220243489587,0,0.0,187.27005942368123,coastal,rocky,0.596850157946487,19.01428612819832,0.0,-0.3314461062932302,4.127924215087305,0.4376792958255727,0
0,153.050217923503,-54.37801175059633,26.72288043084823,0.0,108.2094638139069,14.413200800137707,44.3316035895614,1029.2110855778772,0,0.0,187.27005942368123,coastal,rocky,0.596850157946487,19.01428612819832,139.01597260048976,2.8410084959797097,2.853731468747381,0.47169197106258726,0
0,114.26408106293984,-15.017186364984369,0.0,0.0,136.74989809404272,24.502155195945278,35.946644430854064,1005.9637993707355,0,0.0,187.27005942368123,coastal,rocky,0.596850157946487,19.01428612819832,0.0,0.5717307814498099,1.672283949935125,0.41470186764445405,0
0,108.29320582195278,-8.08373522467652,0.0,0.0,147.02941255448778,22.39689337696927,35.268004033997116,1000.4265969957115,0,0.0,187.27005942368123,coastal,rocky,0.596850157946487,19.01428612819832,0.0,-0.03284579214550415,5.94196636724042,0.42751091489636994,0
0,118.57412850502794,-17.887858402994194,0.0,0.0,111.07386285686,31.96574965887895,81.83269140445033,1001.681838578673,0,0.0,187.27005942368123,coastal,rocky,0.596850157946487,19.01428612819832,0.0,1.640964362394728,2.536370155536489,0.4809595090701588,0
0,117.58859223915667,-14.525214636674837,0.0,30.81754983214403,92.34095555037888,30.645418764119068,38.37654138577394,1017.8056210741074,0,0.0,187.27005942368123,coastal,rocky,0.596850157946487,19.01428612819832,0.0,0.8365051095720007,2.0020601461921843,0.46191752098144123,0
0,113.50148345536327,-13.408610359050973,0.0,11.64745510166507,151.47471989430764,12.67451597067396,79.46681366263182,1020.4625356602722,0,0.0,187.27005942368123,coastal,rocky,0.596850157946487,19.01428612819832,0.0,1.2157930194330784,0.9330456157817906,0.4888889626197553,0
0,113.42371726471629,-12.606692567961435,0.0,1.0458889109214198,135.90145527665055,18.64707642382392,70.35950865488601,1008.9533417669295,0,0.0,187.27005942368123,coastal,rocky,0.596850157946487,19.01428612819832,0.0,0.7342045335761345,2.629026936564784,0.45985994728049717,0
0,120.37360826143545,-20.505108783581427,0.0,0.0,168.59244399314267,20.654532555899323,59.34015658142891,1031.8115706944059,0,0.0,187.27005942368123,coastal,rocky,0.596850157946487,19.01428612819832,0.0,2.243706378853697,6.552719123461065,0.44802348632788963,0
0,115.79699400505706,-15.995345732615824,0.0,0.0,111.64006512540166,34.599441198995706,56.606710410477795,1002.2991523367385,0,0.0,187.27005942368123,coastal,rocky,0.596850157946487,19.01428612819832,0.0,0.1484124276003107,1.1470130136517613,0.42633947565655955,0
0,112.1352322233009,-9.900640560124648,0.0,27.943989162218834,149.99192842028194,25.655508040785385,38.530917049355196,1017.5675321915378,0,0.0,187.27005942368123,coastal,rocky,0.596850157946487,19.01428612819832,0.0,-0.17947138857445344,7.2005860772473635,0.473202757769719,0
0,114.4208778069623,-15.935676840758914,0.0,0.0,95.09531128047723,24.549285047859968,47.484571288281344,1009.8390213156347,0,0.0,187.27005942368123,coastal,rocky,0.596850157946487,19.01428612819832,0.0,-0.9046126384981534,12.119396633144783,0.446043205694083,0
0,117.66359572759205,-19.850853619718844,0.0,0.0,127.8921809149779,12.623254460454373,45.73292603106429,1017.7887216393184,1,0.0,187.27005942368123,coastal,rocky,0.596850157946487,19.01428612819832,0.0,3.0067966035343012,4.386811452878357,0.42284545015328373,0
0,108.16439477539285,-8.089074309056974,0.0,0.0,121.30727612045047,13.317893851076509,66.89015513700127,1012.1386155451663,0,0.0,187.27005942368123,coastal,rocky,0.596850157946487,19.01428612819832,0.0,2.7987108731720043,4.623168414563844,0.4573348313123427,0
0,121.60588873593811,-20.890037278554573,0.0,6.220241237196504,154.2304987896244,12.002871159616879,88.1630826439343,1019.8144508035729,0,0.0,187.27005942368123,coastal,rocky,0.596850157946487,19.01428612819832,0.0,0.8026872540495796,10.912535120885437,0.5280791483009684,1
0,108.23965587980251,-9.298252354894952,1.0521481135698851,0.0,133.78954821464512,27.980044456806596,44.849558186534416,1024.293244375395,1,0.0,187.27005942368123,coastal,rocky,0.596850157946487,19.01428612819832,6.133371495066333,1.2270359454608333,5.113962825992028,0.4271312004997645,0
0,118.0012186260871,-18.222685484248487,0.0,0.0,117.29030738410204,19.27596907461507,94.19722164284376,1021.7315854861915,0,0.0,187.27005942368123,coastal,rocky,0.596850157946487,19.01428612819832,0.0,3.3678553829157374,2.2944213143447003,0.5049627230233703,1
0,104.38122671255384,-5.526763561650892,0.0,0.0,139.11546328917055,25.789005502313014,77.65234645699326,1014.7927460442669,0,0.0,187.27005942368123,coastal,rocky,0.596850157946487,19.01428612819832,0.0,-1.1006103076908402,3.3581168396902576,0.475064059227706,0
0,114.41464830785812,-12.069190269339387,2.586719807729125,0.0,130.59522995004272,18.98083423499414,68.54180534327028,1009.2938566791389,0,0.0,187.27005942368123,coastal,rocky,0.596850157946487,19.01428612819832,19.475776082967844,1.6145862496221683,6.228830295498495,0.470628556983143,0
0,110.2074821087043,-9.514474345242867,0.0,0.0,95.8270253282709,14.243947627188518,63.785306656141145,1017.7704082722312,0,0.0,187.27005942368123,coastal,rocky,0.596850157946487,19.01428612819832,0.0,1.2978484210139911,6.9599816859400505,0.4581355741647511,0
0,118.60910264204739,-16.164100812273627,1.650676733655197,13.204965204538825,158.44110494444004,15.146030250919207,37.27477526085231,1012.104773897521,0,0.0,187.27005942368123,coastal,rocky,0.596850157946487,19.01428612819832,11.422070088446581,-0.26183194553949857,5.174774322660664,0.4483181400367493,0
0,113.40242654479765,-13.383843039735824,6.67096294274264,9.097384036380141,130.65657564554124,22.221164506423005,73.34617674049679,1017.5253489182134,0,0.0,187.27005942368123,coastal,rocky,0.596850157946487,19.01428612819832,16.962213358405585,-1.8769358204116973,3.2213407975465085,0.49302939360833725,0
0,109.42714331178473,-5.59908060405116,0.0,27.313062923964686,164.4555689951138,27.081200707241145,62.316359660547775,1015.1743287317972,0,0.0,187.27005942368123,coastal,rocky,0.596850157946487,19.01428612819832,0.0,2.2110518659159677,5.935151527801901,0.493092784085097,0
0,107.09802262379048,-3.8357709192267406,0.0,111.62584364556608,93.83504057903995,34.429354605532936,56.44901744698659,1015.9662831967618,0,0.0,187.27005942368123,coastal,rocky,0.596850157946487,19.01428612819832,0.0,1.1288059757865323,1.7777531483717637,0.5779163101337371,1
0,118.49334055988696,-20.948556190160943,0.0,8.579437451128298,154.467562473934,13.00522638426521,65.39179136745523,1020.0117274231089,0,0.0,187.27005942368123,coastal,rocky,0.596850157946487,19.01428612819832,0.0,3.1890101264499444,4.234806741591639,0.46604217493102645,0
0,104.78235277618356,-5.389424747337953,0.0,0.0,137.5777932454222,26.705319963875407,70.26687249062493,1006.9902603699663,0,0.0,187.27005942368123,coastal,rocky,0.596850157946487,19.01428612819832,0.0,-4.998811429747146,11.45471286295371,0.4845828993647597,0
0,106.76226699000401,-9.827858694528699,0.0,0.0,137.92888603632855,29.122081538553207,82.84407301654608,994.7593012610706,0,0.0,187.27005942368123,coastal,rocky,0.596850157946487,19.01428612819832,0.0,1.5178571795735303,1.405957119846879,0.47959103318728147,0
0,111.60150467634138,-10.495358123460418,0.0,0.0,112.47970205920808,17.682249123157163,82.19668335912311,1003.4965181689827,0,0.0,187.27005942368123,coastal,rocky,0.596850157946487,19.01428612819832,0.0,-1.979256273140675,4.7038559399410795,0.48818995033271817,0
0,111.8746475984762,-12.193095354669621,0.0,0.0,145.89700899370055,12.671923077368596,66.87529427587873,1018.5103730224254,0,0.0,187.27005942368123,coastal,rocky,0.596850157946487,19.01428612819832,0.0,0.44782826812932286,6.820702149869221,0.4638977107960138,0
0,114.9057947814968,-14.627363964206989,0.0,3.8831109875475036,106.742147714761,25.274524721274794,56.7168505374358,1016.8397155254686,0,0.0,187.27005942368123,coastal,rocky,0.596850157946487,19.01428612819832,0.0,1.4943304485191626,3.504158394330428,0.43945585853383284,0
0,111.07123972380361,-8.575755578456146,0.0,9.015842069441774,136.25109087961303,14.200355193621586,77.89679342137184,1015.7899416222381,0,0.0,187.27005942368123,coastal,rocky,0.596850157946487,19.01428612819832,0.0,0.0876229439582192,0.7350100081424431,0.4812073957659823,0
0,104.86124831513214,-4.32574586640322,0.0,0.0,167.85669868518505,13.410993813918328,75.18439601309359,996.1468906123806,0,0.0,187.27005942368123,coastal,rocky,0.596850157946487,19.01428612819832,0.0,1.1379661583705507,8.14198311564269,0.48447975716776387,0
0,107.04209170108032,-8.4646889506014,0.0,0.0,95.36345643715536,30.00891269555904,45.191285324178146,1011.0246477430303,0,0.0,187.27005942368123,coastal,rocky,0.596850157946487,19.01428612819832,0.0,-3.987471285142911,1.8702828492378607,0.41529586434236226,0
0,116.02097761914813,-12.127891944118595,0.0,0.0,134.3357660221431,33.9406321126345,41.39469125324788,1030.2683384221875,0,0.0,187.27005942368123,coastal,rocky,0.596850157946487,19.01428612819832,0.0,-0.22245212269740064,4.519538207323949,0.4232436304166205,0
0,122.27307633308965,-21.054800091275293,4.082121647355937,39.25963645737858,132.57579662932645,31.05083235941053,63.86226852268274,1009.835915503052,0,0.0,187.27005942368123,coastal,rocky,0.596850157946487,19.01428612819832,34.34436115065808,0.2670818095645646,0.7623491819027195,0.5067502983665021,1
0,120.9515915036601,-23.614057410775654,8.69863008364509,0.0,125.26838675835211,25.014858334015432,63.519162800272355,1018.0799132691254,0,0.0,187.27005942368123,coastal,rocky,0.596850157946487,19.01428612819832,122.58162526404413,-0.7696837638942512,2.319861414617295,0.4610801858063355,0
0,111.5901798790767,-9.25757438460312,1.5775254410778705,0.0,96.41178896021833,20.07450446912904,41.279093474123066,1018.9959411328149,0,0.0,187.27005942368123,coastal,rocky,0.596850157946487,19.01428612819832,12.129891563529565,2.171791131663156,2.373491164399764,0.41996054017000367,0
0,124.87037629455217,-25.470656863337155,0.0,0.0,121.44433756217147,13.659349804056227,53.889737448949546,1018.2969313290545,0,0.0,187.27005942368123,coastal,rocky,0.596850157946487,19.01428612819832,0.0,0.11329984979421433,2.648463771783654,0.4254098820078987,0
1,111.40420469877398,-15.355137831481724,5.84231889763772,3.65092442997496,130.053832786293,26.255027309953835,39.88161545336213,1011.5591244427839,0,0.0,222.91637642679558,coastal,rocky,0.6011150117432088,1.9994983163600577,32.16876796220389,0.2973349144042231,1.6854298555901968,0.5823288151813293,1
1,105.08329756650765,-5.68823693948391,3.938383256455861,0.0,157.88134227831023,30.34925673765047,69.9892634850157,1014.7041622237549,0,0.0,222.91637642679558,coastal,rocky,0.6011150117432088,1.9994983163600577,16.99287839145968,-2.0879456799965164,1.044802436660153,0.6111012019672444,1
1,108.85564054190566,-11.197724250257366,5.412111702792336,21.999874892552878,85.14739560758308,20.40384995449404,61.28736985629604,1009.8334997073878,0,0.0,222.91637642679558,coastal,rocky,0.6011150117432088,1.9994983163600577,48.28745108955682,0.21769126041824075,5.593157140994038,0.643289748054309,1
1,105.3401754687759,-4.18159246957372,0.0,0.0,146.63993047812625,12.452064519606115,61.735673906415585,1003.2693105911844,0,0.0,222.91637642679558,coastal,rocky,0.6011150117432088,1.9994983163600577,0.0,-4.605393979089433,2.2247288006233576,0.5902570353890221,1
1,112.77257635210893,-13.19122370641266,0.0,8.633212400473408,103.12595977170716,31.021789485648064,32.497712682551125,1023.3990468739607,0,0.0,222.91637642679558,coastal,rocky,0.6011150117432088,1.9994983163600577,0.0,1.484190744018614,1.4964629020324596,0.5775507084811283,1
1,102.21425754079496,-1.8774671558444678,0.0,10.768420984881425,134.52854895255365,11.041822515059607,35.51148104297721,1013.6268539688688,0,0.0,222.91637642679558,coastal,rocky,0.6011150117432088,1.9994983163600577,0.0,-1.6049854664232945,6.49405662423526,0.5957463025243488,1
1,111.41879425436301,-12.732582812305798,0.0,0.0,91.59416275498153,26.507567992533453,79.68422304441285,1018.3665275252729,0,0.0,222.91637642679558,coastal,rocky,0.6011150117432088,1.9994983163600577,0.0,1.2142622015672369,6.555794431590526,0.6391473305579181,1
1,103.8033255204302,-4.304991553340301,0.0,11.334984415297086,87.42903217206734,34.212219439859595,81.91642245754736,1018.5623000940066,0,0.0,222.91637642679558,coastal,rocky,0.6011150117432088,1.9994983163600577,0.0,3.0569368528250633,2.539178781448119,0.6485643590567055,1
1,114.27701997440695,-15.955439309084968,10.450910470006997,0.0,129.56323803588532,33.576895943617686,45.64502626911282,993.33643410624,0,0.0,222.91637642679558,coastal,rocky,0.6011150117432088,1.9994983163600577,97.18487625693942,-2.6811063600076563,4.565001101371498,0.5947083254184493,1
1,129.36400562342968,-30.991296335549027,17.851729487381522,22.47163130798389,132.75268203946757,14.43571923674267,65.42674972830099,1011.5995714805777,1,0.0,222.91637642679558,coastal,rocky,0.6011150117432088,1.9994983163600577,46.343654981367855,-0.18874350007076232,0.4294662485889582,0.6616643053134286,1
1,122.59481677292766,-25.578689065870407,22.78533619474444,0.0,127.89614375142425,22.709013672907,49.34064933572334,1020.2361361917777,0,0.0,222.91637642679558,coastal,rocky,0.6011150117432088,1.9994983163600577,153.0028520406203,2.579505508165491,3.365906756349792,0.615779893832859,1
1,104.16438451968132,-4.20363149130227,0.0,1.5667156456663915,113.96033081046245,30.00177421747899,43.26231625087843,1003.7328689750782,0,0.0,222.91637642679558,coastal,rocky,0.6011150117432088,1.9994983163600577,0.0,-1.0292830984362942,5.551116932547999,0.5791149254404644,1
1,106.24688523919812,-8.459501601654805,11.11195346684093,84.13119346063584,111.51156884276604,21.215265773863564,76.9346109831779,1004.796561754693,0,0.0,222.91637642679558,coastal,rocky,0.6011150117432088,1.9994983163600577,41.46536429804394,3.362184629860975,3.754527748900571,0.7736650035120141,1
1,97.78844314179041,4.736725065063954,0.0,1.0057826776602279,127.131373652499,24.03711469898809,66.44290613705111,1038.5819928566825,0,0.0,222.91637642679558,coastal,rocky,0.6011150117432088,1.9994983163600577,0.0,1.5567221523332755,2.7559285816426673,0.6027737732098414,1
1,110.99623498146768,-12.29476613761953,0.0,0.0,116.816415382707,13.686313167657099,51.33252898460525,1019.8203445004393,0,0.0,222.91637642679558,coastal,rocky,0.6011150117432088,1.9994983163600577,0.0,3.026899486484262,3.154058422773888,0.572238734411853,1
1,127.343346637038,-23.63516150436962,24.355826837328056,0.0,114.58096141312188,30.99505714089043,54.94914187564786,1018.8209770346862,0,0.0,222.91637642679558,coastal,rocky,0.6011150117432088,1.9994983163600577,94.01216645150393,-2.8216489961757505,5.872352633833584,0.6363384965017734,1
1,106.1211559491969,-9.658034680322608,0.0,0.0,116.03848953690193,31.818256262115046,84.72568184146756,1011.5239741370133,0,0.0,222.91637642679558,coastal,rocky,0.6011150117432088,1.9994983163600577,0.0,-2.22282602426887,0.2582207758254248,0.6303375271847322,1
1,105.27915018938769,-1.7346469960482045,0.0,2.595816461405992,129.36293538921726,13.383852056942139,78.83938059188796,1008.4290374341373,0,0.0,222.91637642679558,coastal,rocky,0.6011150117432088,1.9994983163600577,0.0,-0.20030815295990556,1.0183687508848294,0.6247390933028601,1
1,107.19183698674846,-7.6340631773254595,0.0,8.960461482975855,141.64817784756252,11.63415393910963,61.69212758876998,1003.7716981027316,0,0.0,222.91637642679558,coastal,rocky,0.6011150117432088,1.9994983163600577,0.0,0.20328857537902015,5.655131957459715,0.6139018444487037,1
1,109.10094420010304,-9.66359931433947,0.0,0.8050925744373608,115.23685379213286,16.503944774051277,77.50336272374744,1018.159392177041,1,0.0,222.91637642679558,coastal,rocky,0.6011150117432088,1.9994983163600577,0.0,0.5871158643332586,6.782909023117025,0.6366745925528229,1
1,105.81669161743659,-5.120879384786819,0.0,0.0,100.95990071646487,16.27416653350745,85.29004375967395,1009.8473515575845,0,0.0,222.91637642679558,coastal,rocky,0.6011150117432088,1.9994983163600577,0.0,0.8576330006611459,3.46552803631572,0.6410881728026159,1
1,107.31413500046841,-3.691125375281378,0.0,0.0,96.56616611727446,33.64245367500706,85.24839914624303,1004.7098308034164,0,0.0,222.91637642679558,coastal,rocky,0.6011150117432088,1.9994983163600577,0.0,1.2383085220103955,10.287477348558493,0.6614707315124824,1
1,112.40285682743469,-12.288830554692588,0.0,3.37274600528811,103.41745272151678,14.117658835807397,51.463979216647346,1012.4111819009728,0,0.0,222.91637642679558,coastal,rocky,0.6011150117432088,1.9994983163600577,0.0,-0.7209468084091919,2.5570775046497687,0.575769811129497,1
1,109.83227360037668,-9.987947994402285,0.0,0.0,132.79830502015443,30.552579015005637,54.727300487991556,1044.9310756784487,0,0.0,222.91637642679558,coastal,rocky,0.6011150117432088,1.9994983163600577,0.0,-3.661536896789732,1.0032590197784352,0.5725758792096393,1
1,119.97532179757225,-18.901834551547328,9.763131505117162,0.0,95.98913582504133,27.39747795422006,81.56198777848654,1011.0817854179336,0,0.0,222.91637642679558,coastal,rocky,0.6011150117432088,1.9994983163600577,79.7079234558615,-0.6695506642130817,2.0182423162099834,0.6488164666901581,1
1,106.90663589652813,-5.384826410214314,0.0,1.3073103800048602,149.44839014617537,30.090088386038378,62.838440282481486,1001.3681053894636,1,0.0,222.91637642679558,coastal,rocky,0.6011150117432088,1.9994983163600577,0.0,2.2974669658588778,7.1617101560875085,0.6092344777775536,1
1,104.48100338961814,-2.509543398258412,0.0,33.14435408603142,90.19292722340356,28.287412258509057,42.181776366342845,1038.895636420186,0,0.0,222.91637642679558,coastal,rocky,0.6011150117432088,1.9994983163600577,0.0,-2.0130851305592823,5.6993928056452265,0.6269262107203036,1
1,104.58972962392332,-1.977789789268941,0.0,6.124217106965005,97.1555443924104,27.80035050826952,83.68858382602531,990.599501014805,0,0.0,222.91637642679558,coastal,rocky,0.6011150117432088,1.9994983163600577,0.0,-1.3254275437258602,10.148369338697911,0.6671201025029126,1
1,108.35554325017219,-5.867837384999561,19.094907962072167,15.08265565514659,93.65067062358203,26.90443905188585,51.13176100306043,1025.2513234816788,0,0.0,222.91637642679558,coastal,rocky,0.6011150117432088,1.9994983163600577,35.79562632740941,-0.8041334890333413,2.621323388215844,0.6310527927519534,1
1,115.57104697434814,-13.545954972240462,2.230832950279652,0.0,86.78247890906744,17.598660031018095,72.45558138453339,1014.2584696961936,0,0.0,222.91637642679558,coastal,rocky,0.6011150117432088,1.9994983163600577,26.62082718946966,1.2694429371235398,5.548499209781116,0.6261298274732903,1
1,106.78021368229055,-5.479450104848014,0.0,0.0,118.30400257349373,31.614090238066748,65.53213431220625,1014.5013611637138,0,0.0,222.91637642679558,coastal,rocky,0.6011150117432088,1.9994983163600577,0.0,-1.0706563719078455,0.4526664115208039,0.5925337690332958,1
1,133.98368411197487,-34.854656853114555,33.070655524283694,24.51416650764658,85.6621142520671,34.07025892685065,77.233614484571,1010.4045332241608,0,0.0,222.91637642679558,coastal,rocky,0.6011150117432088,1.9994983163600577,106.38800874899712,0.7345746268026813,9.190918383975612,0.745064046105427,1
1,95.9907244545353,3.41674065844694,0.0,0.0,139.17487476005067,11.203570899458835,88.68817468747918,1020.7923403431361,0,0.0,222.91637642679558,coastal,rocky,0.6011150117432088,1.9994983163600577,0.0,-0.208898437074943,0.8441086159500532,0.6400201763971294,1
1,106.11984096516005,-3.7960843599436704,0.3661554581708275,0.0,151.45629578403384,26.73000657345196,83.90364195558911,1015.3836898273479,0,0.0,222.91637642679558,coastal,rocky,0.6011150117432088,1.9994983163600577,2.166380930014572,-3.6200648065451584,3.439669334185889,0.6389701040043984,1
1,107.97273771226578,-5.225420621939867,0.0,14.966886895363897,127.99572358300877,27.56584432713791,45.433175444362405,1022.5287454720294,0,0.0,222.91637642679558,coastal,rocky,0.6011150117432088,1.9994983163600577,0.0,4.3418854349956275,0.879429062161683,0.5852001187038517,1
1,114.81393418983416,-11.42383210897265,11.313839526636052,0.0,111.03513731119588,21.81233387516284,32.96716845765494,1014.9460745523725,0,0.0,222.91637642679558,coastal,rocky,0.6011150117432088,1.9994983163600577,89.701516071661,-0.44038925401591517,10.339273632179962,0.6137570011241328,1
1,97.89312284448587,3.626989082893332,0.0,0.0,84.8989218257039,15.476720227546444,32.386888562553374,998.4244850053507,0,0.0,222.91637642679558,coastal,rocky,0.6011150117432088,1.9994983163600577,0.0,0.9602922724447392,13.654336166117837,0.6010745096726743,1
1,104.61606073680768,-3.273380583906751,0.0,0.0,109.80798487860709,22.685298467945223,86.82446410453642,1005.4803066826119,0,0.0,222.91637642679558,coastal,rocky,0.6011150117432088,1.9994983163600577,0.0,-0.7982237044054998,3.2644838620578103,0.6435538809695671,1
1,96.40102633336116,0.43070178062786146,0.0,5.552324847440983,145.1222786809298,33.876512787124724,83.37788836576473,1018.0872502322993,0,0.0,222.91637642679558,coastal,rocky,0.6011150117432088,1.9994983163600577,0.0,3.2244412565108487,4.4841965793276595,0.6486483549149947,1
1,101.25525529905002,-5.673558537227422,0.0,0.0,139.76409040596366,11.775191613331387,35.211700915323725,1009.9311885131262,0,0.0,222.91637642679558,coastal,rocky,0.6011150117432088,1.9994983163600577,0.0,-2.180798154885692,7.05466189873135,0.5812754868705149,1
1,106.45034495086585,-4.932467750621959,0.0,0.0,150.92695007509087,11.661096108894371,64.70788571560465,1019.3659632582182,0,0.0,222.91637642679558,coastal,rocky,0.6011150117432088,1.9994983163600577,0.0,-0.2570750228778615,9.409245227488196,0.6177550082879947,1
1,95.61977358418716,5.845525137271007,0.0,17.688852961540462,116.05872799376705,26.82416555986081,47.89977632660221,1025.8732439015214,0,0.0,222.91637642679558,coastal,rocky,0.6011150117432088,1.9994983163600577,0.0,1.0561367354924698,2.4434597635460906,0.5939751599072698,1
1,121.16548058124901,-22.55185423572185,17.523480424437096,18.341518085541917,135.13196140030672,19.36382217550303,40.845913110418934,1024.7124578932155,0,0.0,222.91637642679558,coastal,rocky,0.6011150117432088,1.9994983163600577,226.60838199311036,-1.9288085092233846,2.1507831779591844,0.6291230886853855,1
1,111.96826844523892,-9.176900823659008,0.0,0.0,107.29865007414722,26.928015993375233,69.37565121442486,1010.9077812625547,0,0.0,222.91637642679558,coastal,rocky,0.6011150117432088,1.9994983163600577,0.0,3.782775699100678,2.3104800932569916,0.6057942438829416,1
1,103.0475279792863,-3.0764325210428587,0.0,0.0,87.2109621175174,10.773894772983589,55.21913939654652,1013.0642226981093,0,0.0,222.91637642679558,coastal,rocky,0.6011150117432088,1.9994983163600577,0.0,-3.6075628435563565,1.77493642056644,0.5758745892291132,1
1,106.18410859503454,-5.726143744912388,1.9918967401834116,62.03984394000423,105.61530942303364,34.028387135189824,55.31632316865732,1022.0392275073685,0,0.0,222.91637642679558,coastal,rocky,0.6011150117432088,1.9994983163600577,7.8162849059622745,0.3666004242099863,5.901464697949469,0.685492100995857,1
1,108.60698022184467,-7.6052912719557515,0.0,0.0,98.69500496348999,11.441189554975622,52.25911862425637,1007.5732620026598,0,0.0,222.91637642679558,coastal,rocky,0.6011150117432088,1.9994983163600577,0.0,1.9228433707350854,9.123620234503695,0.5920005991263446,1
1,115.78713806339074,-17.62590724656359,0.0,31.84335000370195,130.33556976544514,24.23443402955707,70.34293118859796,1010.1399577811989,0,0.0,222.91637642679558,coastal,rocky,0.6011150117432088,1.9994983163600577,0.0,5.2886866940340695,7.514851641975766,0.6711069434829969,1
1,106.74615620493755,-3.207922804410976,0.0,4.839643496870139,149.0553912020119,33.60105234563495,39.671738011332515,1015.8012138896945,0,1.3210015849747623,222.91637642679558,coastal,rocky,0.6011150117432088,1.9994983163600577,0.0,-3.546064936413763,6.309607503569959,0.5862997889303359,1
1,108.61566137361856,-10.066199329540707,0.0,0.0,126.9317849274556,31.639428640613804,93.74805733292291,988.8025475258823,0,0.0,222.91637642679558,coastal,rocky,0.6011150117432088,1.9994983163600577,0.0,1.111208932006897,0.4479034062762441,0.6489513260589954,1
1,111.24575481068281,-11.65466477005326,0.0,0.0,130.57071094683064,33.15956516825217,31.24254613793466,1023.0356656018329,0,0.0,222.91637642679558,coastal,rocky,0.6011150117432088,1.9994983163600577,0.0,-1.5457553356472182,2.0352614356226755,0.5662172854811889,1
1,111.14367065737764,-12.206784531863754,0.0,0.13354196508427854,157.96428429228087,26.92053247143489,83.85050446419261,1006.160404982009,0,0.0,222.91637642679558,coastal,rocky,0.6011150117432088,1.9994983163600577,0.0,1.0300853465523756,3.5782912237894546,0.6387476967217008,1
1,109.41877234077928,-7.910189681152136,0.0,14.263392364693956,90.87167289038551,22.190695241680274,35.04720675365433,1020.0830384720107,0,0.0,222.91637642679558,coastal,rocky,0.6011150117432088,1.9994983163600577,0.0,-1.5848398419999226,1.5398076481952014,0.5861260126659473,1
1,125.45395123049194,-25.02736381574606,58.939549526425274,18.418167866754747,88.03964290852119,11.822545884197588,56.186763371121415,1004.8291136893181,0,0.0,222.91637642679558,coastal,rocky,0.6011150117432088,1.9994983163600577,125.33957569863846,1.658949683863497,0.9691306938640176,0.7208987708511385,1
1,97.71275950248655,2.0222071384296587,0.0,6.643161429100262,132.1369351302404,13.07301696163469,87.76284021725091,1013.2313872309817,0,0.0,222.91637642679558,coastal,rocky,0.6011150117432088,1.9994983163600577,0.0,-1.2978277625449977,0.94546246919526,0.6484383111600588,1
1,109.45233769782743,-11.399430097236369,0.0,0.0,122.7176042115095,13.571899033485293,80.39749977620382,1018.0547015916662,0,0.0,222.91637642679558,coastal,rocky,0.6011150117432088,1.9994983163600577,0.0,0.6704773741398969,4.737460674868872,0.6351188827513351,1
1,101.30462505272988,0.9374362819190676,0.0,0.0,104.7124029476716,27.674412186392903,34.07482540542128,1012.9069967886138,0,0.0,222.91637642679558,coastal,rocky,0.6011150117432088,1.9994983163600577,0.0,-1.7168998807493718,5.6279388552017195,0.576995317739926,1
1,98.68737009727481,-0.3258858167178038,0.0,33.366613615560425,116.34550781885312,32.7485785963598,54.525673507607536,1021.7438918071273,1,0.0,222.91637642679558,coastal,rocky,0.6011150117432088,1.9994983163600577,0.0,-4.877634316552858,0.6713958109315208,0.6212269560456711,1
1,108.02794312088093,-9.660751093083018,0.0,45.169606325653184,136.17504282753904,17.45130521598608,36.84871994630567,1013.6837062931027,0,0.0,222.91637642679558,coastal,rocky,0.6011150117432088,1.9994983163600577,0.0,0.8158500350285708,0.6248789317913302,0.6297405474581745,1
1,98.19745063397318,-2.7898125402476524,0.0,0.0,88.19674609708528,29.189190712947955,57.072788073752136,1000.7928757408584,0,0.0,222.91637642679558,coastal,rocky,0.6011150117432088,1.9994983163600577,0.0,-0.7411810461449039,10.51903046063705,0.6058141687037363,1
1,112.70158684118816,-9.49708038997434,2.790065338943876,20.125406306782065,107.62406033865278,26.120815100557845,55.68350899474771,1008.8203649616136,0,0.0,222.91637642679558,coastal,rocky,0.6011150117432088,1.9994983163600577,22.16719780198464,-1.7569656730961403,7.062678817105015,0.6284347957531922,1
1,105.62132059161948,-7.625695503182425,0.0,0.0,112.30737685057842,18.433638669227317,31.256296009644068,1007.8678643352841,0,0.0,222.91637642679558,coastal,rocky,0.6011150117432088,1.9994983163600577,0.0,1.5579594240880026,12.049440835534039,0.5962598236809229,1
1,105.32042281596891,-5.846204474385447,0.0,5.606528695348206,141.4475250012774,29.323037046902876,63.88424309751903,1018.4711911517521,1,0.0,222.91637642679558,coastal,rocky,0.6011150117432088,1.9994983163600577,0.0,1.3457224719336398,2.9590706687068904,0.6051669924185019,1
1,110.32099196032826,-11.805451000711527,0.0,0.0,84.43326612430262,17.495013189130898,72.01981820646549,1015.5557365371237,1,0.0,222.91637642679558,coastal,rocky,0.6011150117432088,1.9994983163600577,0.0,0.3466833287408164,1.2197659895425013,0.6078104355558793,1
1,103.53701935082276,-5.194013400383252,11.103173536703363,9.631388829234822,88.60182045426161,33.9447450247051,91.27708074111729,996.5681118884584,0,1.5726415532925795,222.91637642679558,coastal,rocky,0.6011150117432088,1.9994983163600577,59.4238496913119,-0.41145518165594647,3.2500833433522662,0.6890693430038712,1
1,103.5407428130212,-4.176173006533665,0.0,0.0,95.1780090216973,30.27809424833677,71.33705596564235,1018.5769106072512,0,0.0,222.91637642679558,coastal,rocky,0.6011150117432088,1.9994983163600577,0.0,1.277035721188971,1.183843014820298,0.6063371421500664,1
1,110.35339729758638,-10.505299344871428,0.0,0.0,84.91202414272232,25.773044755729085,59.098772651677194,1014.5175799224874,0,0.0,222.91637642679558,coastal,rocky,0.6011150117432088,1.9994983163600577,0.0,0.007606152246374841,8.13159676980792,0.6027038367870989,1
1,104.46652953963341,-5.181420385254268,0.0,0.0,116.27161152161761,11.097498566075128,40.77373568831014,1026.7284847467654,0,0.0,222.91637642679558,coastal,rocky,0.6011150117432088,1.9994983163600577,0.0,0.8957234955035875,1.8554702565696102,0.5656779119440296,1
1,97.42610295522213,3.498242376941751,0.0,0.0,130.2571517946297,34.529445919057366,42.356997235942295,999.3682599540718,0,0.0,222.91637642679558,coastal,rocky,0.6011150117432088,1.9994983163600577,0.0,0.05336211422107192,2.8604638920246073,0.5686928928503946,1
1,119.15198785937085,-21.638635716183046,14.437722350327634,16.476206182784445,96.33927164465983,24.12713281131891,80.15574921360951,1021.3085232427936,0,0.0,222.91637642679558,coastal,rocky,0.6011150117432088,1.9994983163600577,29.343281444307344,1.236976760912951,1.037387613419363,0.6771249164166299,1
1,99.16468604479229,2.0443446079184433,0.0,1.5039243455500346,115.96803382336866,10.729244091131612,61.257859529195585,1008.4790966716691,0,0.0,222.91637642679558,coastal,rocky,0.6011150117432088,1.9994983163600577,0.0,1.4883839429998735,0.906120866090515,0.5876014693493086,1
1,102.62937014485058,0.013237919695441303,0.3798231535996901,45.21718179880809,126.92024071701502,18.928028982512572,81.19069058082064,1006.9957643426129,0,0.0,222.91637642679558,coastal,rocky,0.6011150117432088,1.9994983163600577,2.237186138236981,-2.4223438585615624,3.6538205953326224,0.7020397631273715,1
1,97.78536973102982,2.2797814237873064,0.0,0.0,154.46938468764202,24.54055732472984,58.37992233496979,1011.1058632901845,0,0.0,222.91637642679558,coastal,rocky,0.6011150117432088,1.9994983163600577,0.0,-1.7975680966462564,6.651568128694949,0.5968260502303452,1
1,133.7437339301972,-31.90043370634829,51.92254712529106,0.0,99.43707446945076,24.77825758146291,42.09883335396761,1028.1115493024736,0,0.0,222.91637642679558,coastal,rocky,0.6011150117432088,1.9994983163600577,107.03841950389756,0.022283126097514875,3.548206452529035,0.67460121478249,1
1,107.60041747330843,-6.79182796338503,0.0,15.947983085208309,95.51983915952094,31.897077087926426,65.04114592784057,1002.2894632035095,0,0.0,222.91637642679558,coastal,rocky,0.6011150117432088,1.9994983163600577,0.0,0.6953529670766727,2.4361428205677615,0.6214241961195177,1
1,108.86790871654225,-13.98464548305645,0.0,0.0,101.33621865977646,10.036845552157786,77.40741161571975,1002.768044886817,1,0.0,222.91637642679558,coastal,rocky,0.6011150117432088,1.9994983163600577,0.0,1.3326250018184238,2.3129564642697558,0.6218651937985695,1
1,100.10523893880901,-2.5018057103033255,0.0,0.0,111.70575007134964,32.54850491872875,82.43507878015805,1018.7964322932264,1,0.0,222.91637642679558,coastal,rocky,0.6011150117432088,1.9994983163600577,0.0,3.4777993275951578,4.894290253908977,0.6396645294963639,1
1,114.4275487567981,-13.661348332651663,0.0,0.0,154.5994510668297,11.060557455172292,47.24619894110535,1007.3061629985187,0,0.0,222.91637642679558,coastal,rocky,0.6011150117432088,1.9994983163600577,0.0,-0.7679425439047032,1.2510010312584723,0.5638645042680962,1
1,93.87080605821654,6.443301152586357,0.0,0.0,152.29513789760387,27.364885681332133,77.38376900762808,1022.9553246908308,0,0.0,222.91637642679558,coastal,rocky,0.6011150117432088,1.9994983163600577,0.0,-1.116603507892061,5.500771164858475,0.6291215370085173,1
1,110.70775994936042,-8.832639704950893,0.0,0.0,112.41243124099289,14.075883423289774,81.10336739696876,1013.8796882105283,0,0.0,222.91637642679558,coastal,rocky,0.6011150117432088,1.9994983163600577,0.0,-3.035747493361619,1.785146004033047,0.6276736739803574,1
1,124.90974933164019,-24.810201957278267,33.741073466011116,29.777302386460185,97.56095741753931,30.000087044092034,65.92595992170544,1006.3967886052656,0,0.0,222.91637642679558,coastal,rocky,0.6011150117432088,1.9994983163600577,151.5882872416694,-0.9576749120168083,4.313878820215603,0.7170531579900912,1
1,107.2995947903365,-5.679879107062447,0.0,12.720581431838038,145.78935516642858,32.65217651203152,30.79019014603014,1020.7209478897529,0,0.0,222.91637642679558,coastal,rocky,0.6011150117432088,1.9994983163600577,0.0,-2.0049438632117895,5.508965989599468,0.5957192712908763,1
1,97.80492878355142,4.420447966428433,0.0,0.0,142.16835666198892,17.14395811481765,58.12984717395207,1028.337277099165,0,0.0,222.91637642679558,coastal,rocky,0.6011150117432088,1.9994983163600577,0.0,1.0821135269852755,0.7674213947792824,0.5786734597065628,1
1,111.00371879415319,-8.106720334367335,0.0,1.6033068308154546,104.83661049748626,16.90797771164634,58.08123029364289,999.7395231391796,1,0.0,222.91637642679558,coastal,rocky,0.6011150117432088,1.9994983163600577,0.0,-0.46080142841153465,4.621165721341522,0.5925424191718544,1
1,108.37849189048197,-10.237513610866788,9.767725703331784,0.0,119.97770374837894,16.713343901690184,48.68500821832126,1006.499760655931,0,0.0,222.91637642679558,coastal,rocky,0.6011150117432088,1.9994983163600577,83.26518266265403,-0.1667685505485862,0.928462948705297,0.5824323414271003,1
1,113.78398516613356,-11.103063062552867,0.0,0.0,155.5435114547384,16.272326142277564,73.94170872341559,1021.2973241787918,0,0.0,222.91637642679558,coastal,rocky,0.6011150117432088,1.9994983163600577,0.0,1.3112028550990158,7.682618074718917,0.6310427728453087,1
1,133.66669254831612,-33.11310564966554,22.012784912176283,7.867573672559151,85.46939511331676,24.573151420106576,46.45160004667457,1020.2472385789426,0,0.0,222.91637642679558,coastal,rocky,0.6011150117432088,1.9994983163600577,152.26119119532297,-0.7707666550504315,2.102262386237792,0.6222452186662255,1
1,105.29896396026969,-5.64767247607536,0.0,8.537973835818566,103.42415354481366,20.860082975165245,77.02410816025007,1009.3047307116664,0,0.0,222.91637642679558,coastal,rocky,0.6011150117432088,1.9994983163600577,0.0,-2.5845253902112373,3.448539026225972,0.6373122953272267,1
1,107.8462549157667,-8.31507051639935,1.074591326146298,0.0,102.60123787952287,11.563157393571144,59.83113357879332,1006.0945894768374,0,0.0,222.91637642679558,coastal,rocky,0.6011150117432088,1.9994983163600577,7.075912209599388,0.8157535647506429,2.2626571817974233,0.5887109225295923,1
1,125.40213884495088,-24.98858928528205,22.33122383825642,11.054888117950728,89.38506555092597,19.277823460753197,89.84982955011823,1019.8133950318561,0,0.0,222.91637642679558,coastal,rocky,0.6011150117432088,1.9994983163600577,112.02052328264654,1.6206900310726202,1.3482081264843047,0.7051005645074492,1
1,104.26239284541704,-1.355871518774971,0.0,8.368793419835434,116.98956886796026,26.233058114422043,90.85824039548024,1019.9291862303161,0,0.0,222.91637642679558,coastal,rocky,0.6011150117432088,1.9994983163600577,0.0,-0.7742612995790292,0.22705608966119112,0.655062340364018,1
1,101.9647915839475,-1.9566055685965893,0.0,0.0,140.74276622624924,20.241776334399816,72.58629144408198,1012.8346424975238,0,0.0,222.91637642679558,coastal,rocky,0.6011150117432088,1.9994983163600577,0.0,1.5807437921034226,1.7002564728444522,0.6103848534810181,1
1,115.31627391508883,-16.54074738410433,11.08417926588884,0.0,123.85281012284504,18.922149379277755,52.996295317868345,1004.7458947002104,0,0.0,222.91637642679558,coastal,rocky,0.6011150117432088,1.9994983163600577,51.567515641848416,-2.29107643599784,6.816863123605792,0.6087230397126526,1
1,104.2677265617649,-5.97053943028553,0.0,0.0,147.70693557429775,26.923519574920935,84.46404436536724,1042.852590026034,0,0.0,222.91637642679558,coastal,rocky,0.6011150117432088,1.9994983163600577,0.0,-2.2060469109409957,1.7951007627796944,0.6344248921933944,1
1,108.19428794635212,-10.031660969324308,0.0,0.0,84.48038283070086,27.968490446338254,77.60606818879464,1010.0491008576209,0,0.0,222.91637642679558,coastal,rocky,0.6011150117432088,1.9994983163600577,0.0,-0.5620392945431713,2.124830581237726,0.6216981292956233,1
1,104.33163946251902,-4.948605039430661,0.0,0.0,88.59353436706391,19.775821728184965,45.223219110211716,1017.329598253607,0,0.0,222.91637642679558,coastal,rocky,0.6011150117432088,1.9994983163600577,0.0,-4.184214459250448,7.06417028384946,0.5813040120258692,1
1,114.77155059149979,-13.992322236757982,0.0,0.0,114.73247094043717,31.763174156734603,71.04222987919447,1018.3462908612244,0,0.0,222.91637642679558,coastal,rocky,0.6011150117432088,1.9994983163600577,0.0,-0.6714619898394434,3.9472268012049385,0.6140376413363245,1
1,100.43764774068973,0.8646247429575875,0.0,0.0,121.80518241694297,20.48179152915055,31.178062667972434,1010.6537943004258,0,0.0,222.91637642679558,coastal,rocky,0.6011150117432088,1.9994983163600577,0.0,4.057257848539746,4.792382638023773,0.5744886490883921,1
1,106.81990673709156,-3.3026657687012904,0.0,9.95658301497404,108.95238870435817,29.78895506478425,59.33411734690157,1016.8915919566792,0,0.0,222.91637642679558,coastal,rocky,0.6011150117432088,1.9994983163600577,0.0,-1.6000771287952928,0.3176228730767755,0.5946674790098153,1
1,104.03821375003655,-2.156821462391183,0.0,0.0,132.17387241509815,11.852635564371678,54.40548035032252,1013.4426797334911,0,0.0,222.91637642679558,coastal,rocky,0.6011150117432088,1.9994983163600577,0.0,-3.753105412083748,3.098557229830681,0.5782181335644578,1
2,72.92124790571668,24.13693457990812,0.0,0.0,103.41910293051333,26.4182371180402,76.06976758989504,1006.8239081819921,0,0.0,354.03628889802275,rural,silt,0.9385527090157502,0.41168988591604894,0.0,-0.40298306789503596,0.03260657614729031,0.47717756038902986,0
2,90.34154051634174,9.822450596485384,20.33879992197046,20.899602913605648,107.86854903721665,22.95020166011562,39.121093682578476,1027.5582232214676,0,0.0,354.03628889802275,rural,silt,0.9385527090157502,0.41168988591604894,117.63889681258065,-0.8860880422569646,2.3974648369962166,0.5474193212069287,1
2,94.04125913726357,6.581358209622204,10.26835143342738,12.969953028060532,98.4107559672831,13.911917900090014,60.80487930754668,1023.7154315223488,0,0.0,354.03628889802275,rural,silt,0.9385527090157502,0.41168988591604894,50.15338072526833,-2.1792660746847767,3.923809540638517,0.55076023306705,1
2,83.4459805593067,16.240535289128744,0.0,0.0,101.9455536792527,19.569969110909696,83.41901152804834,1013.3104489776235,0,0.0,354.03628889802275,rural,silt,0.9385527090157502,0.41168988591604894,0.0,-2.183867800790626,4.451237504182544,0.5312679518662531,1
2,83.43107105550877,14.778789259938025,12.667321736025984,0.0,96.35478243340496,16.615875673133935,73.02798141160146,1003.516519957758,0,0.0,354.03628889802275,rural,silt,0.9385527090157502,0.41168988591604894,81.80861762041,-1.8988486534515283,7.17367489832172,0.543950822598902,1
2,80.94099245689391,15.92940200038198,0.0,0.0,113.13027167155619,32.2029547233509,51.143890193513606,1010.3655178391775,0,3.4906947078845234,354.03628889802275,rural,silt,0.9385527090157502,0.41168988591604894,0.0,0.9385351796170525,7.677860616035529,0.4701769553306595,0
2,84.99973615755248,13.37774960417314,0.0,4.1461176959489565,65.59103861723237,20.279787949864648,38.455243538881554,1016.1572526693549,0,0.0,354.03628889802275,rural,silt,0.9385527090157502,0.41168988591604894,0.0,-3.62407780225924,3.2026679581551694,0.47076182946284567,0
2,82.30309217192568,20.354774467145134,0.0,0.0,97.9796232860166,31.6108311717091,68.15087292632896,1023.9098042518597,0,2.8271680562393993,354.03628889802275,rural,silt,0.9385527090157502,0.41168988591604894,0.0,-1.6368573318840027,7.6618386233905795,0.5075253495626282,1
2,82.71095029936131,17.607367591302896,0.0,0.0,75.08621278833371,34.890777737472085,93.77266401141583,1018.6048139880494,0,0.0,354.03628889802275,rural,silt,0.9385527090157502,0.41168988591604894,0.0,-1.1847119113041071,0.6177384797779116,0.5386494631506424,1
2,85.14031743372065,17.2019238283472,0.0,0.0,91.09157942549847,27.27209941377057,75.3138273829676,1011.3962899941755,0,0.0,354.03628889802275,rural,silt,0.9385527090157502,0.41168988591604894,0.0,2.46174902630947,8.425071393542547,0.5311866227023225,1
2,77.20422165086086,26.43567605023848,0.0,0.0,64.41548799359825,29.477564659894668,69.63033263492004,1017.7369313673223,0,0.0,354.03628889802275,rural,silt,0.9385527090157502,0.41168988591604894,0.0,0.08702933728693216,2.7906975725925314,0.483208848655772,0
2,73.67682843385428,25.698086091945388,0.0,13.12690089167171,96.2182414913264,18.87311652192525,33.37930787855099,1018.3879815876926,0,0.0,354.03628889802275,rural,silt,0.9385527090157502,0.41168988591604894,0.0,1.863142537362129,1.306333420659497,0.45042588605759437,0
2,92.09675520118316,7.2210289937194085,18.448940517393993,5.064003616156016,107.84849492262063,34.93094749759007,31.951690346410533,1015.1187867865182,0,0.0,354.03628889802275,rural,silt,0.9385527090157502,0.41168988591604894,105.30936093891944,2.384993118062942,0.6005682160568486,0.5188542285793434,1
2,76.61059400095759,22.996472832186214,0.0,0.0,75.0394924033387,15.734144425941809,60.491968718092615,1005.5342165345976,0,0.0,354.03628889802275,rural,silt,0.9385527090157502,0.41168988591604894,0.0,-3.4044265321600227,2.3140784316975553,0.46202811111550346,0
2,78.06708790934991,20.41053932102114,5.716902960253063,0.0,100.71700848492343,11.56412105548629,43.68295107824729,1007.1985634849723,0,0.0,354.03628889802275,rural,silt,0.9385527090157502,0.41168988591604894,18.722938967021115,-0.06287834074955284,4.242143170954073,0.4618790771440054,0
2,85.95288460129902,14.611490213561835,0.0,0.0,71.34118968843593,25.599962138224562,47.78662716095016,1002.36982008423,0,0.0,354.03628889802275,rural,silt,0.9385527090157502,0.41168988591604894,0.0,1.8307805511203235,2.7477013729776747,0.465544701460864,0
2,73.26343948474442,22.092647680571954,0.0,22.512068157600428,111.1503462605163,17.846887418061762,64.97147584865368,1029.4115953909156,0,4.405829067747561,354.03628889802275,rural,silt,0.9385527090157502,0.41168988591604894,0.0,-0.09779436694821109,7.025949234017875,0.5105788695860927,1
2,92.21114757142043,7.66484440984751,6.952726727879443,0.0,81.54976958464555,21.349747779992477,79.55905231386646,1009.3349297963194,0,0.0,354.03628889802275,rural,silt,0.9385527090157502,0.41168988591604894,65.20430198733482,0.5239006986826265,6.275538746283178,0.5646928817394767,1
2,90.28664338763612,9.39526619156378,0.0,0.0,100.03366508555924,13.530588584328736,67.10703209456597,997.8335745057921,0,0.0,354.03628889802275,rural,silt,0.9385527090157502,0.41168988591604894,0.0,0.8839720127900613,2.151927381985081,0.5087334430783539,1
2,73.66842825508284,26.77265459894489,0.0,0.0,68.1779862727684,23.9196227732047,84.93285534724225,1007.868036354866,0,0.0,354.03628889802275,rural,silt,0.9385527090157502,0.41168988591604894,0.0,-1.36478198857179,3.384146081935058,0.5068138232805728,1
2,83.54607397897183,17.20435993534249,2.4404285277200883,0.0,88.76132537210557,18.78048468371952,36.09547420670607,1019.8889093249163,0,0.0,354.03628889802275,rural,silt,0.9385527090157502,0.41168988591604894,6.665344457165432,-1.873012749579192,3.3388977823444312,0.4662223281396137,0
2,78.84485117578932,22.935123948644883,0.0,0.0,90.36570948243887,20.749630353026493,68.79919488553264,1010.9423140197033,1,0.0,354.03628889802275,rural,silt,0.9385527090157502,0.41168988591604894,0.0,-0.7700436234257273,1.9149449237046423,0.48299348150236604,0
2,76.19590975119385,21.584083105034296,0.0,10.695779888396066,91.14236881066192,11.256075245574554,32.26925092265455,1015.2149162327839,0,0.0,354.03628889802275,rural,silt,0.9385527090157502,0.41168988591604894,0.0,-3.106264106737659,1.5074868176043688,0.45363828554885305,0
2,76.34357757920165,24.31543989194437,0.0,0.0,84.40568889996283,30.036144405573843,55.486082498797224,1020.5057916752177,0,0.0,354.03628889802275,rural,silt,0.9385527090157502,0.41168988591604894,0.0,1.5081663405809442,5.591370772826396,0.4611851352860999,0
2,78.31492249289937,23.022387116616443,0.0,4.006933158660465,82.483883448331,10.752596805282973,92.49700109731728,1025.9587178186302,0,0.0,354.03628889802275,rural,silt,0.9385527090157502,0.41168988591604894,0.0,3.156236115124369,4.927248428076092,0.5441204351881819,1
2,80.84945045429215,20.217351248182972,0.0,0.15506620176117678,103.0483664398367,27.656154063881555,70.47482016173683,1003.1901280167108,1,0.0,354.03628889802275,rural,silt,0.9385527090157502,0.41168988591604894,0.0,-0.2171859414248884,3.996742266880031,0.4978007337697952,0
2,84.17559477329269,14.891414468250916,0.0,0.0,68.47419222216115,14.069774730155734,68.68883421824685,1011.0949689400219,0,0.0,354.03628889802275,rural,silt,0.9385527090157502,0.41168988591604894,0.0,-3.2980668706986127,0.04940304914881574,0.49041394085348433,0
2,85.22271480312952,16.332099902399502,0.0,25.507504307012468,105.32109511335157,11.390138042011515,30.447067544277207,1028.2100622715939,0,0.0,354.03628889802275,rural,silt,0.9385527090157502,0.41168988591604894,0.0,1.8643831285207695,1.1827764360947302,0.49729795645964575,0
2,108.8590790378879,-11.071666062711163,26.295478092088118,0.0,82.31890221779472,20.748940494495542,84.01169611857944,1006.914102767603,0,0.0,354.03628889802275,rural,silt,0.9385527090157502,0.41168988591604894,149.965799749457,-0.12532904706512674,9.253158208474263,0.6625582472757405,1
2,72.3511670262314,31.623384972230223,0.0,0.0,103.98799575347874,26.466533873494175,90.55106943011626,1014.0575379127148,0,0.0,354.03628889802275,rural,silt,0.9385527090157502,0.41168988591604894,0.0,-0.4334730288084808,4.2965689556148625,0.517516372489651,1
2,78.57919755241683,21.607547196136473,0.0,0.0,117.71191456090739,15.367397186583887,34.37022170588647,1037.1167667557843,0,0.0,354.03628889802275,rural,silt,0.9385527090157502,0.41168988591604894,0.0,0.8466838972171508,10.403829520195947,0.4702020493363191,0
2,80.48150492110919,17.03497392792756,0.0,61.62714506806801,77.74902584412413,34.24309081994943,58.03020153645126,1011.4474095117525,0,0.0,354.03628889802275,rural,silt,0.9385527090157502,0.41168988591604894,0.0,-0.8272110668432885,9.438438286700952,0.580530985755652,1
2,72.11057407941448,29.195812141746142,0.0,25.780102293849257,89.81607469543368,18.77047773337539,53.56638677634115,1023.286543794559,0,0.0,354.03628889802275,rural,silt,0.9385527090157502,0.41168988591604894,0.0,-0.13655524527867616,4.256852251564055,0.48150054736677145,0
2,76.93694792835045,24.16653367147139,0.0,7.282512214075647,88.80569707264942,17.582147271232074,90.61606709725528,1008.368386379146,0,0.0,354.03628889802275,rural,silt,0.9385527090157502,0.41168988591604894,0.0,-1.0196133863817651,0.17220505852920676,0.5275848889916157,1
2,73.45613238215374,25.91902403485616,0.0,0.0,102.97648415714228,11.71126131415042,57.14835472810466,1013.5330742059876,0,0.0,354.03628889802275,rural,silt,0.9385527090157502,0.41168988591604894,0.0,-1.173062539127871,1.121082021453965,0.44392843668513526,0
2,68.26625798372092,34.02141546911986,0.0,7.013090703229173,77.50874511516255,12.646857955328233,53.068349426626014,1017.2761728158479,0,0.0,354.03628889802275,rural,silt,0.9385527090157502,0.41168988591604894,0.0,-0.33105630270665476,3.396922849031751,0.4402275980190634,0
2,80.78000852664633,18.55427066458865,0.0,0.0,112.09979354409744,23.92601283187588,45.03974136449512,1007.7066788755163,0,0.0,354.03628889802275,rural,silt,0.9385527090157502,0.41168988591604894,0.0,0.707095726397353,1.2796528083487668,0.44829478101040626,0
2,110.86436606115169,-8.00545045706367,20.142045439668035,0.0,100.90791875786131,20.711447596219884,77.54727016280404,1007.3841206462672,0,0.0,354.03628889802275,rural,silt,0.9385527090157502,0.41168988591604894,215.02284557610807,2.401063316947745,0.7017993492402348,0.6166481717372894,1
2,82.85391475605871,16.719300806726988,0.0,0.0,91.85303327736577,17.7117070372371,67.24774304023602,1008.2673495316695,0,0.0,354.03628889802275,rural,silt,0.9385527090157502,0.41168988591604894,0.0,-0.1889174288840055,2.098049860120591,0.49039557819973817,0
2,88.6448803992611,12.522208206762677,7.513855800529358,4.637231646232891,118.25318536911887,10.644239969108778,69.22937242257287,1018.7985728529513,0,0.0,354.03628889802275,rural,silt,0.9385527090157502,0.41168988591604894,12.573961552174296,-2.5862830875172955,2.861951555878379,0.5330147743108693,1
2,67.95202778643463,34.57060841726547,0.0,0.0,105.3341147568419,32.44911617119472,35.468298046859886,1009.615060357077,0,0.0,354.03628889802275,rural,silt,0.9385527090157502,0.41168988591604894,0.0,2.097414252833127,8.277035565441476,0.4374312751364314,0
2,77.3244318290746,21.661025349737777,0.0,0.0,95.1710584300399,19.822377722329477,31.862407792547543,1011.9377850615799,0,0.0,354.03628889802275,rural,silt,0.9385527090157502,0.41168988591604894,0.0,-0.17846830844289785,0.18785322489740633,0.43643816761843873,0
2,80.91466330728812,18.936599495074447,0.0,4.751350131430526,113.48084789298922,19.36804926268441,65.74145658045333,1016.4095269022163,0,0.0,354.03628889802275,rural,silt,0.9385527090157502,0.41168988591604894,0.0,-1.1816341974716098,3.275203068908947,0.4932257576276387,0
2,78.6394153776088,19.567300167760784,0.0,0.0,75.05794341784203,28.811708439662358,33.334100183779015,1009.3079279955256,0,0.0,354.03628889802275,rural,silt,0.9385527090157502,0.41168988591604894,0.0,1.3462640413794247,11.85126240032906,0.4746938865714157,0
2,85.8359463616366,14.790422586093358,0.0,0.0,78.22041827877467,19.02686815852593,56.54961279155137,1017.5590419517071,0,0.0,354.03628889802275,rural,silt,0.9385527090157502,0.41168988591604894,0.0,3.1355922623929446,4.2975001990008845,0.48300293143348544,0
2,72.60708262066252,28.944973207024425,0.0,0.0,76.68804285104059,26.80959608229259,83.69420449563856,1005.4756476264696,0,0.0,354.03628889802275,rural,silt,0.9385527090157502,0.41168988591604894,0.0,0.9635674157225679,3.479307100723878,0.501986370846671,1
2,73.2087989882639,28.578596390514328,0.0,5.125518212913181,89.28006416746216,25.48474923416255,56.72738093151692,1031.2962020171608,0,0.0,354.03628889802275,rural,silt,0.9385527090157502,0.41168988591604894,0.0,-0.7446381058758457,2.1865659351948037,0.45335701649339083,0
2,91.98663401318213,10.57109761344466,11.967775949676273,4.375880351207357,111.33657485667557,12.571064803936917,38.18708776465829,1006.2300486154147,1,0.0,354.03628889802275,rural,silt,0.9385527090157502,0.41168988591604894,102.51457554794862,2.3669873337798557,5.8902043368819035,0.5204551595673736,1
2,87.30905814782645,14.525572174891103,0.0,0.0,105.96043802640871,15.656810750079655,75.00302990003692,1031.2768098294969,0,0.0,354.03628889802275,rural,silt,0.9385527090157502,0.41168988591604894,0.0,0.5675020473230022,4.939366704503746,0.5254935355780774,1
2,75.41889348934515,27.08034432124818,0.5174994883702093,0.0,89.1501092748856,10.342060369017027,35.3039168003145,1012.6098048062246,0,0.0,354.03628889802275,rural,silt,0.9385527090157502,0.41168988591604894,3.2463246090309097,2.8865791072638847,11.032094241918664,0.46527387674879145,0
2,84.22996208637144,13.260192577623972,0.0,0.0,91.08709413029,11.734852147604585,35.84199536285044,1022.3791553751065,0,0.0,354.03628889802275,rural,silt,0.9385527090157502,0.41168988591604894,0.0,-2.1352697012019557,1.3978415213327156,0.45721659788362873,0
2,92.17278476552077,8.316853982268306,6.249111597355945,17.074329520186893,115.79145032264299,17.3956024374134,30.072286122752182,1014.5243476687418,0,0.0,354.03628889802275,rural,silt,0.9385527090157502,0.41168988591604894,25.328913892920923,2.425216474840913,8.674159456136138,0.5368796371152611,1
2,74.66967034542661,27.67584334510828,0.0,0.0,70.81441831714744,12.360472441512023,84.04869165229454,1032.4121743646374,0,0.0,354.03628889802275,rural,silt,0.9385527090157502,0.41168988591604894,0.0,3.0702974400150973,3.28477588199205,0.5072337642768783,1
2,73.9633052682722,24.520982339716053,2.4551925378559685,47.42030354660586,94.71621960180235,22.861533193497355,35.52866505680067,1009.9954513118225,0,0.0,354.03628889802275,rural,silt,0.9385527090157502,0.41168988591604894,8.626972302043793,-2.7778163420582147,2.9755171932386175,0.512495332783568,1
2,76.05407268997291,23.369849562182935,0.0,81.28661294231522,95.6569223988535,30.311845526104293,51.25116658188389,988.1219134346492,0,0.0,354.03628889802275,rural,silt,0.9385527090157502,0.41168988591604894,0.0,-2.3067010211919188,5.686572711823646,0.5742119027807273,1
2,74.6081044937458,26.04514394138447,0.0,21.004202258385188,111.74108559300156,22.49897479911971,77.46619731942212,1020.0288179859513,0,0.0,354.03628889802275,rural,silt,0.9385527090157502,0.41168988591604894,0.0,-0.9190978823235126,8.690558197726933,0.5416395398044398,1
2,77.38542838692551,23.447463689277395,0.0,0.0,93.3652412480634,12.150803925823581,33.70674941023526,1003.1769641962269,0,0.0,354.03628889802275,rural,silt,0.9385527090157502,0.41168988591604894,0.0,1.3147299267791421,6.35204371989715,0.4550822115206718,0
2,89.47174455844879,10.489318043397015,0.46218512795728395,34.2322243324193,108.25228886085185,24.578255477489588,77.4644116542212,1002.2060754290064,0,0.0,354.03628889802275,rural,silt,0.9385527090157502,0.41168988591604894,2.4331896254023184,1.1974780319862803,4.601192648881886,0.5870450709642547,1
2,82.7231367894711,16.791500656904834,0.0,7.561157344627935,105.27706186643584,21.354591568417653,56.79818230905826,1025.3000057271915,0,0.0,354.03628889802275,rural,silt,0.9385527090157502,0.41168988591604894,0.0,0.856633384750475,0.3857824810885837,0.4753766304107858,0
2,78.28581520484902,20.725476119437552,0.0,91.4483032291074,88.39633528683885,18.868213918255314,56.04577084424033,1013.2194380821534,0,0.0,354.03628889802275,rural,silt,0.9385527090157502,0.41168988591604894,0.0,3.166954554499199,5.588894201184851,0.6042926851384112,1
2,76.56334384091943,23.792156371616635,0.0,0.0,89.81972183406914,25.04516834863618,67.81288208237714,1014.3106518621585,0,0.0,354.03628889802275,rural,silt,0.9385527090157502,0.41168988591604894,0.0,-2.2354993078523506,1.7935188652445946,0.47499092308169905,0
2,81.93913635800897,16.698753320761675,2.34728080397705,0.0,82.50589711001845,30.075297038158013,65.11812805718236,1015.549967506746,0,0.0,354.03628889802275,rural,silt,0.9385527090157502,0.41168988591604894,21.70067453383456,-3.1539929643819944,4.014122219754212,0.49430746274683496,0
2,78.0842993204001,19.616957459168148,0.0,21.105638918055732,95.87364349498584,30.71096677347477,35.21213919278736,1014.7255019180419,0,0.0,354.03628889802275,rural,silt,0.9385527090157502,0.41168988591604894,0.0,-1.413459527038479,4.493242293424503,0.48289976797056267,0
2,83.31846814947005,15.054471151797479,2.4112344945436064,0.0,95.54221516419182,33.398431206213985,73.69629467412265,1008.0722727175706,0,0.0,354.03628889802275,rural,silt,0.9385527090157502,0.41168988591604894,12.752929977071831,-1.3498680375811045,2.015379945325154,0.5090207636036255,1
2,72.86931006161515,30.189283040063913,0.0,7.24853054113767,75.34658390123451,21.064433648320385,33.14357621817076,1007.104326160076,0,0.0,354.03628889802275,rural,silt,0.9385527090157502,0.41168988591604894,0.0,2.2829286359445016,2.796649690686226,0.4440739734014498,0
2,81.41373385684881,20.788912058622717,0.0,0.0,116.4578454586743,23.527845621971117,69.33081870513499,1026.4622575620274,0,0.0,354.03628889802275,rural,silt,0.9385527090157502,0.41168988591604894,0.0,2.800799589590565,2.7711235197301978,0.49300455718809605,0
2,82.66975459314693,15.04822838734759,0.0,0.0,73.57966643287922,15.057348728955091,55.13595870785856,1004.9503351914744,0,0.0,354.03628889802275,rural,silt,0.9385527090157502,0.41168988591604894,0.0,-4.752865712675727,1.6934566996093758,0.4645009061319487,0
2,77.12474024072489,22.894190147320472,2.787975938028539,0.0,112.0279109268079,23.94684189150183,92.38641632631527,1005.6544190313452,0,0.0,354.03628889802275,rural,silt,0.9385527090157502,0.41168988591604894,3.6943136478211422,0.3505735578678477,6.683627194379653,0.5457783810305512,1
2,76.75277563935931,24.88915812937749,0.0,0.0,118.20734233100413,27.10785622313362,91.6837433580551,1014.1960026266711,0,0.0,354.03628889802275,rural,silt,0.9385527090157502,0.41168988591604894,0.0,2.307180686633851,6.9317469863142165,0.5386177449413299,1
2,65.98825382367691,33.364870441233876,0.0,5.683013907361121,85.14827327281195,15.923099847418086,36.30276861275261,1018.0742092783329,0,0.0,354.03628889802275,rural,silt,0.9385527090157502,0.41168988591604894,0.0,-2.8080025927621954,13.225183952075792,0.4559236120569779,0
2,75.4604427001455,21.91519234479893,1.0050586438189815,3.81675419629283,85.49116323506205,20.241821732312978,93.58434345422629,1009.5170654641854,0,0.0,354.03628889802275,rural,silt,0.9385527090157502,0.41168988591604894,3.529263794630307,-1.1081105868255674,7.995783422643071,0.5501370597318251,1
2,81.3665925431799,19.58426882187334,0.0,0.0,93.76514843328123,20.068487118670767,63.774758927195485,1017.2439393786101,1,0.0,354.03628889802275,rural,silt,0.9385527090157502,0.41168988591604894,0.0,-2.002124426768866,1.4184234683907633,0.4777172717127754,0
2,76.28383205343518,21.36840801774688,0.0,0.0,83.18943159885025,24.844515798586308,67.41357286160533,1033.6790633816356,0,0.0,354.03628889802275,rural,silt,0.9385527090157502,0.41168988591604894,0.0,-2.793868182935918,1.6934918441959264,0.4731981134896978,0
2,85.47133470688789,13.280467868460692,0.19472103111839908,12.568812482324152,107.49389421213819,28.375629654745584,69.65701493235525,1017.3374922088634,0,0.0,354.03628889802275,rural,silt,0.9385527090157502,0.41168988591604894,1.0440204746708164,3.619029837037213,7.37118639447705,0.5367760169667621,1
2,69.99235349786667,29.943085280034385,0.0,0.0,89.50004535389124,12.285549795428455,70.66932429698792,1014.2307820165618,0,0.0,354.03628889802275,rural,silt,0.9385527090157502,0.41168988591604894,0.0,-0.07628017088329783,0.24901395451416247,0.45975258853522954,0
2,80.33811566142396,21.810520364007168,0.0,8.423190533051605,104.92261874425708,32.8260366722464,67.18799264194341,1022.0401755476131,0,0.0,354.03628889802275,rural,silt,0.9385527090157502,0.41168988591604894,0.0,-1.6307512566322422,5.331174659496125,0.5063627675211426,1
2,71.4128920888059,32.31260089590862,0.0,0.0,72.87954608829796,22.951937451008618,43.90965411539038,1015.0001485117175,0,0.0,354.03628889802275,rural,silt,0.9385527090157502,0.41168988591604894,0.0,2.1367586673880328,3.0206044479425898,0.4302563271055175,0
2,90.91436977496465,6.126741778755897,0.1800910065084401,86.886340410541,103.27606468943527,17.18053023012877,87.18390614913233,1024.4644087040074,0,0.0,354.03628889802275,rural,silt,0.9385527090157502,0.41168988591604894,1.8673362378959295,-1.6478709739439992,3.5955472572459297,0.685466572933469,1
2,79.19367554357031,23.10753955761583,0.0,21.407091898736866,80.6830401399338,20.26706582525707,43.62986803296306,1020.5917850270527,1,0.0,354.03628889802275,rural,silt,0.9385527090157502,0.41168988591604894,0.0,2.0087532695262644,3.502684140047692,0.4831351808658646,0
2,90.48157468614686,10.352284320382775,17.02701394370568,12.837129690013972,74.8191270445512,22.611398541733884,50.29233287699341,1004.7853047097035,0,0.0,354.03628889802275,rural,silt,0.9385527090157502,0.41168988591604894,93.67264556186433,-1.0027385433356368,7.090299609844682,0.5437129555726192,1
2,82.1749479083042,16.55648039631699,0.0,34.09470836208266,110.25902131998572,14.570334713480648,92.15897229836848,1020.4418571031504,0,0.0,354.03628889802275,rural,silt,0.9385527090157502,0.41168988591604894,0.0,-1.9799155851040278,0.1750380500311795,0.5839049891834269,1
2,84.14393448892136,14.682134136893996,0.0,29.197903511941668,105.74255769800313,13.667377850379538,74.87098504854738,1020.1728358115878,0,0.0,354.03628889802275,rural,silt,0.9385527090157502,0.41168988591604894,0.0,4.441367593166228,0.04414069133697354,0.5464806888982012,1
2,77.39254587661053,21.15129992767883,0.0,0.0,116.1496767800986,18.220565446215232,73.05039301749679,1016.1237821046657,0,0.0,354.03628889802275,rural,silt,0.9385527090157502,0.41168988591604894,0.0,1.6337359390645243,2.131342783382126,0.4885385695691794,0
2,84.34002962838723,17.404601131669672,0.0,2.774327666635827,66.32743412958402,27.936624765297804,60.90592149012769,1021.2015818675549,0,0.0,354.03628889802275,rural,silt,0.9385527090157502,0.41168988591604894,0.0,0.3573894336209512,6.146073921485252,0.4977079596871013,0
2,79.64824655342606,23.964822789492604,0.0,26.540818257663545,102.67910604685443,12.635034434911557,84.52550102376448,1035.947685915478,0,0.0,354.03628889802275,rural,silt,0.9385527090157502,0.41168988591604894,0.0,0.7228310475439591,3.0411444765365605,0.5596309871543841,1
2,83.85838258210079,15.696176016345998,0.0,0.0,77.14594657083727,33.55145548721489,49.38770952521798,1027.5261674548617,0,0.0,354.03628889802275,rural,silt,0.9385527090157502,0.41168988591604894,0.0,0.047790193972599135,1.320855049576671,0.4560628971254144,0
2,76.95805030463491,20.53535844075856,2.475179499488466,10.563752621336755,91.50170868935318,13.459289868013915,93.87807015917508,1022.4254522845347,0,0.0,354.03628889802275,rural,silt,0.9385527090157502,0.41168988591604894,33.65238163552822,-3.1068555969335856,8.729356680675785,0.5697049730069368,1
2,76.08256819262354,25.08290697372419,0.0,0.0,88.74497329019981,16.416180179652393,78.88743162530336,1023.6977145498385,0,0.0,354.03628889802275,rural,silt,0.9385527090157502,0.41168988591604894,0.0,-0.005500482068364525,0.10530099182179753,0.49088146101937696,0
2,76.37866511647442,22.804063058452236,5.72275343407963,0.0,70.026538940782,11.690118736809579,77.06189727023988,1019.7957568516064,0,0.0,354.03628889802275,rural,silt,0.9385527090157502,0.41168988591604894,12.496024623524322,-4.354130092885709,0.8923833194269487,0.5017724420256215,1
2,86.47064631284222,15.14427735838267,0.0,6.261041306202506,87.9774652039632,26.88966933918597,63.07811455454221,1008.4620751483592,0,0.0,354.03628889802275,rural,silt,0.9385527090157502,0.41168988591604894,0.0,-0.42485785982093305,7.521071414149616,0.5166983574684789,1
2,87.03572583257642,9.71307543410468,10.247682122593318,0.0,63.74125490196035,20.087024225674988,45.259037412123135,1007.3730797555977,0,0.0,354.03628889802275,rural,silt,0.9385527090157502,0.41168988591604894,56.9071635752047,-1.564006985022074,3.798515587401435,0.49188152203404495,0
2,80.3696835231355,16.978728934156,0.0,0.0,111.90991283088037,32.63247497526289,62.0422031576309,996.3552326466678,0,0.0,354.03628889802275,rural,silt,0.9385527090157502,0.41168988591604894,0.0,-0.30064092054374414,1.6334810659318202,0.4724217142699247,0
2,74.58982775036606,24.425191467966613,0.0,1.9832015233585687,67.26433117199153,32.73573759214691,42.35836981071587,1015.8863215089838,0,0.0,354.03628889802275,rural,silt,0.9385527090157502,0.41168988591604894,0.0,-0.4058349260208898,1.1017591463677272,0.43536386037248426,0
2,87.17524533245901,12.962028764396416,0.1624798047441803,0.0,84.25614810901938,19.833016759629718,65.39609610255391,1004.0911038805795,0,0.0,354.03628889802275,rural,silt,0.9385527090157502,0.41168988591604894,0.4448617975598146,0.06942749750512373,9.842521067190269,0.5209817940509032,1
2,87.6737720281568,13.16661105763318,14.490014491698084,0.0,86.27744936730392,10.995285986143845,47.809226465548164,1013.9767037674834,1,0.0,354.03628889802275,rural,silt,0.9385527090157502,0.41168988591604894,64.81204469968807,1.1146085875609735,0.6707258813322879,0.49256727426859354,0
2,77.19324690973976,23.345342595421712,0.0,6.2917358027483825,98.14896748833817,14.80040211850092,39.49136625430256,1014.8250103059921,0,0.0,354.03628889802275,rural,silt,0.9385527090157502,0.41168988591604894,0.0,2.363782185919923,2.404540463744477,0.45220006224913684,0
2,72.94576620509781,24.838267710816375,0.0,0.0,96.41929811864091,30.359598016727038,54.83802713989826,1026.201841971984,0,0.0,354.03628889802275,rural,silt,0.9385527090157502,0.41168988591604894,0.0,1.9577791171135583,6.858715646317528,0.4552532928577922,0
2,74.2667702064587,28.543114451977537,0.0,0.0,107.75416737287087,14.503966193315481,37.14110239315089,1018.3364799536889,0,0.0,354.03628889802275,rural,silt,0.9385527090157502,0.41168988591604894,0.0,-0.7310118739705317,0.7564961011626116,0.43055102192666456,0
2,76.17190420381617,21.0611707725271,0.0,0.09098100888581014,90.17694608457423,13.081186453313787,49.99914081606666,1010.359622380056,0,0.0,354.03628889802275,rural,silt,0.9385527090157502,0.41168988591604894,0.0,1.3254516530385334,4.035699914896681,0.4452561136774545,0
2,79.89217838459108,22.10005804523118,0.0,0.0,114.15969614077233,18.195954971250853,54.18534657258824,1014.5776143929377,0,0.0,354.03628889802275,rural,silt,0.9385527090157502,0.41168988591604894,0.0,1.236218205081177,7.547288467038451,0.4732636374141635,0
3,149.22926769964118,-52.56900303298865,0.5835024733938697,8.268729008433905,155.8429708617233,34.038768303439156,58.91540813379015,1004.6729478139455,0,0.0,0.38938292050716417,urban,silt,0.6116531604882809,19.84423118582435,4.719691327054134,3.026672556711451,1.9901401498093485,0.398536651225275,0
3,159.86097998959787,-60.29904361830282,3.813935071769417,14.641023990488412,197.76813513529098,30.127432801028373,84.92757717828177,1007.4469194461395,0,0.0,0.38938292050716417,urban,silt,0.6116531604882809,19.84423118582435,21.815480314279185,-1.108675934626662,9.699941957381675,0.4897097024068081,0
3,148.66062222937416,-47.68481133922578,6.808863820521312,0.0,150.57245881845148,28.71521771454581,61.369080317998844,1029.2122687972624,0,0.0,0.38938292050716417,urban,silt,0.6116531604882809,19.84423118582435,34.094641830660976,-0.17487065755436215,2.7415981377724936,0.4057459987391859,0
3,150.22096260276498,-48.32191676684297,0.0,0.0,132.8932049451062,15.149500896924042,30.06132199239602,1021.4793217335326,0,0.0,0.38938292050716417,urban,silt,0.6116531604882809,19.84423118582435,0.0,1.9206095925629407,2.31241812033427,0.36810257040983085,0
3,152.29179391195532,-53.73304602713686,0.0,55.58145563217718,180.13057613121325,18.541027817265046,72.1501961985154,1019.5839251192249,0,0.0,0.38938292050716417,urban,silt,0.6116531604882809,19.84423118582435,0.0,2.0160080085865193,2.7480229233241693,0.49708196066409716,0
3,146.9372519822932,-51.717860717232064,0.0,1.383940532389924,201.4591885534475,31.188690826368408,41.81814743442702,1022.134737320174,0,0.0,0.38938292050716417,urban,silt,0.6116531604882809,19.84423118582435,0.0,4.368193466760912,2.85253604177258,0.3717988349727307,0
3,153.07286729803786,-56.826304759403335,0.0,0.0,219.9633527269802,27.981130014395795,90.46073818606575,1021.8028507898379,0,0.0,0.38938292050716417,urban,silt,0.6116531604882809,19.84423118582435,0.0,-1.2164530148895185,1.8155781387226169,0.4475335268371274,0
3,162.34697318383184,-59.841741744592724,0.0,0.0,184.70944709530588,34.24547161584462,77.29602395047976,1016.4663619656584,0,0.0,0.38938292050716417,urban,silt,0.6116531604882809,19.84423118582435,0.0,1.1362064102572922,5.248277494549706,0.43150219643343674,0
3,148.67530290776884,-43.67201283749861,0.0,0.0,140.67029934358678,30.12935993400942,42.07550205541601,1016.5621670981446,0,0.0,0.38938292050716417,urban,silt,0.6116531604882809,19.84423118582435,0.0,-3.3783660759345233,2.3563187035125983,0.3682342721593659,0
3,152.67606209148238,-53.06541541619838,0.0,0.0,197.29641845006537,10.917823587076667,60.85998539283733,1021.198881539818,0,0.0,0.38938292050716417,urban,silt,0.6116531604882809,19.84423118582435,0.0,3.286756311609068,1.8032394571789747,0.38829500520603966,0
3,161.87595423973718,-61.12177005225223,0.0,0.0,127.7976793002902,12.65400883868668,84.43571377522034,997.0436323911032,0,0.0,0.38938292050716417,urban,silt,0.6116531604882809,19.84423118582435,0.0,-1.9699862516340303,0.9934000477370344,0.43301694374247984,0
3,155.8098470397465,-56.235004295723634,0.0,0.0,167.0664618264089,24.44032701592834,67.10895849388942,997.1924918269056,0,0.0,0.38938292050716417,urban,silt,0.6116531604882809,19.84423118582435,0.0,-1.5623127562622283,1.2990007038375626,0.39928023514811956,0
3,191.8097645185762,-90.20550760133996,36.4026663027688,0.0,170.5232429045671,28.94441400937895,48.324693113821354,998.8377294420735,0,0.0,0.38938292050716417,urban,silt,0.6116531604882809,19.84423118582435,83.03565863034018,1.74725700414906,0.15201383265249263,0.43442669015232316,0
3,141.8426894788462,-41.24339410317152,0.0,0.0,173.9575686225609,12.489492838500723,31.041830169583,1008.8489971103663,1,0.0,0.38938292050716417,urban,silt,0.6116531604882809,19.84423118582435,0.0,0.470635922878199,2.700515467993924,0.3692668624528098,0
3,159.59849233125817,-61.61893713548188,11.420281002029748,15.690992946421376,214.3098138492758,25.58763278118343,38.53371818031357,1027.2659298032447,0,0.0,0.38938292050716417,urban,silt,0.6116531604882809,19.84423118582435,79.47071161193827,1.5273954316960938,5.63687005222778,0.4244529776292029,0
3,152.78215480740093,-54.1916116786227,0.0,0.6175472647189094,154.1677946985266,21.713924864778367,39.61729171711138,1011.5509542091856,1,0.0,0.38938292050716417,urban,silt,0.6116531604882809,19.84423118582435,0.0,1.2673220495481174,3.4909983730552483,0.3725646320650721,0
3,148.103607835396,-48.00426572279546,0.0,32.47353775734835,129.03716164234862,23.45907755252557,89.35992960815258,1007.9498314963266,0,0.0,0.38938292050716417,urban,silt,0.6116531604882809,19.84423118582435,0.0,0.33407400145271027,2.0869756536695854,0.4948564088621646,0
3,149.35472018648787,-48.91160323923945,0.0,39.76161723008707,141.43078716519773,29.9499508804806,78.00549347080263,1002.6804475790557,0,0.0,0.38938292050716417,urban,silt,0.6116531604882809,19.84423118582435,0.0,2.7021457848262784,4.430955942923978,0.4901115966643359,0
3,153.18623789804502,-50.47307112638906,7.889893516171136,3.7033179762526665,154.17306850859342,28.90480585266951,55.594084201751436,1015.3184209213484,0,0.0,0.38938292050716417,urban,silt,0.6116531604882809,19.84423118582435,37.593569338715824,-0.4853974956505635,9.450050855914714,0.4220384010167964,0
3,144.13069343406855,-47.49384763360343,0.0,2.4685728067370434,182.67495146765532,26.618480122771157,57.256754227253744,1006.6457689316425,0,0.0,0.38938292050716417,urban,silt,0.6116531604882809,19.84423118582435,0.0,-0.563604761373448,0.4924917401234048,0.38085915893381134,0
3,149.6425211732875,-48.96660611682326,0.0,13.086624575141986,203.6636990611774,31.609156661399332,59.69772466292235,1013.0422985899415,0,0.0,0.38938292050716417,urban,silt,0.6116531604882809,19.84423118582435,0.0,-1.029565349829484,1.217651020931723,0.4038436553001809,0
3,156.90271632602187,-58.39656289616221,6.582403460178915,0.0,206.67142916093047,23.942217279636317,33.549669708875484,1010.828689250538,1,0.0,0.38938292050716417,urban,silt,0.6116531604882809,19.84423118582435,28.34211404962771,2.2923565214097206,0.4899322336034567,0.37579991966999626,0
3,148.43524301968304,-48.92800982471214,0.0,0.0,143.81086627737145,14.154624990243729,51.62741597317464,1005.8802677274108,0,0.0,0.38938292050716417,urban,silt,0.6116531604882809,19.84423118582435,0.0,-2.658370266689765,0.30594218889510805,0.3653379745618627,0
3,151.22980596951973,-49.265167004008845,11.237513971456874,8.388472691610927,122.78241954658007,29.587537564697723,30.683359595207477,1001.92058329085,0,0.0,0.38938292050716417,urban,silt,0.6116531604882809,19.84423118582435,33.69648148723004,-3.4162387892162593,13.188474439819506,0.43578847634861667,0
3,155.4086243536171,-58.53992041682831,0.0,0.0,220.5669738514594,13.570357611821684,67.68892244310211,1018.7117940621921,0,0.0,0.38938292050716417,urban,silt,0.6116531604882809,19.84423118582435,0.0,-1.5875730480379393,0.7467810073289258,0.39878350395701906,0
3,152.39244301077616,-58.10169633658494,0.0,0.0,151.75924643166672,34.1639609845136,91.40597980871131,1001.7394603908895,0,0.0,0.38938292050716417,urban,silt,0.6116531604882809,19.84423118582435,0.0,-0.6409250995192877,0.12381769047901371,0.4443487287376877,0
3,159.20536059870835,-60.1688925408953,0.0,0.0,162.5083377876649,14.229047346060504,93.53467660694977,994.9613720743763,0,0.0,0.38938292050716417,urban,silt,0.6116531604882809,19.84423118582435,0.0,0.48842180509350386,7.605649758472897,0.4710516185381463,0
3,151.3050309438538,-51.28791878220511,0.0,2.803304645676778,160.29089782720374,18.673973759439647,58.06746118200552,1026.5557293571035,0,0.0,0.38938292050716417,urban,silt,0.6116531604882809,19.84423118582435,0.0,-3.683795545915715,4.460337998658603,0.3948862093773301,0
3,152.77006716011647,-55.85630361600221,4.675601896485643,0.0,221.4166798242455,24.279979599072842,86.12305255631,1034.962231421528,0,0.0,0.38938292050716417,urban,silt,0.6116531604882809,19.84423118582435,24.344135221609598,3.2631434753095117,3.10972905476105,0.4520918121187025,0
3,149.46359329517293,-51.23913231825001,0.0,0.0,221.39209245234312,33.9534529951124,46.09605679964352,1010.1320576426173,0,0.0,0.38938292050716417,urban,silt,0.6116531604882809,19.84423118582435,0.0,-3.775063806016252,2.982087592966591,0.3701115788277278,0
3,144.3159047154266,-42.457084745844966,0.0,0.0,153.06198004062063,22.27549406672275,50.84768285025213,1007.7626869722858,0,0.0,0.38938292050716417,urban,silt,0.6116531604882809,19.84423118582435,0.0,-2.641850612126602,10.618415086624147,0.39471592700920477,0
3,155.71902863240118,-53.772825510371035,0.0,0.9936149194313444,182.50017904822914,28.489529430543566,43.71304289029678,1015.0323595458603,0,0.0,0.38938292050716417,urban,silt,0.6116531604882809,19.84423118582435,0.0,-2.9681133298486704,1.0423410527020396,0.36578276158608125,0
3,147.0895684397412,-49.32993531711563,0.0,0.0,150.34334290724692,15.968794277150602,43.88028554187219,1034.8571166461415,0,0.0,0.38938292050716417,urban,silt,0.6116531604882809,19.84423118582435,0.0,-2.614739564461928,7.989360672474188,0.38513339806625063,0
3,177.709057002105,-76.2451459970853,51.694368466141796,0.0,173.03232790690328,29.443197751694825,85.79099102712577,1008.3541892188438,0,0.0,0.38938292050716417,urban,silt,0.6116531604882809,19.84423118582435,231.96218957392156,-0.792791040352909,0.8448260333125547,0.5386705131353009,1
3,141.41500590644247,-43.24728893960516,0.09650933863660455,0.0,205.11429053181388,17.347919012623343,59.011213399126476,1020.6021349633012,0,0.0,0.38938292050716417,urban,silt,0.6116531604882809,19.84423118582435,0.9776360891290857,1.3627246531506108,5.768461406699292,0.3966861457444521,0
3,152.0326663833481,-48.91890271025471,0.0,0.0,180.73402556125393,32.22501527036665,67.00482398679313,995.3298963499445,0,0.0,0.38938292050716417,urban,silt,0.6116531604882809,19.84423118582435,0.0,-0.0947414050888719,7.910883816730636,0.41890761547260624,0
3,150.00940074216186,-52.697606374526686,0.0,0.0,133.9252800254333,33.19364332688518,86.40063636475054,1004.548713891734,0,0.0,0.38938292050716417,urban,silt,0.6116531604882809,19.84423118582435,0.0,1.1828843035037098,3.4011018023834554,0.44416989418547953,0
3,155.09776799678224,-54.206638834227256,0.0,0.0,175.42314557650099,10.85942145879313,71.5325964282635,1022.8217898676669,0,0.0,0.38938292050716417,urban,silt,0.6116531604882809,19.84423118582435,0.0,-2.1842424006971344,0.6766917394614546,0.40626058412373944,0
3,147.4201929652964,-46.54318942616492,0.0,0.0,131.13662249209762,26.238900168924044,86.41997347318085,1023.5392091140645,0,0.0,0.38938292050716417,urban,silt,0.6116531604882809,19.84423118582435,0.0,-1.2149445752406145,2.0218099634501137,0.4400706928855401,0
3,152.80164560056025,-53.10050857258243,0.0,1.7902542748910788,197.16922372479024,16.877472038978112,71.54201005465592,1016.6977343711505,0,0.6118318860122791,0.38938292050716417,urban,silt,0.6116531604882809,19.84423118582435,0.0,2.1601121182786205,4.713942570700378,0.42107654528257765,0
3,189.0256463962316,-86.881786665808,39.02233036802195,60.66839248371864,215.6289420134996,20.978266520121263,32.596618263596135,1016.4859511986098,0,0.0,0.38938292050716417,urban,silt,0.6116531604882809,19.84423118582435,279.10891603177146,-1.3366903896936033,0.3053783567618805,0.5311287005807356,1
3,153.8053535578693,-53.91762212378847,0.0,0.0,126.8699051408312,34.31420589124342,53.40389362549719,1023.4091408280738,0,0.0,0.38938292050716417,urban,silt,0.6116531604882809,19.84423118582435,0.0,2.5108072189197927,4.7293482184207285,0.38216114795508466,0
3,146.11497464377064,-46.864039162545204,0.0,0.0,211.20835638083688,32.27080370724084,59.18745442404751,1014.0880370970541,0,0.0,0.38938292050716417,urban,silt,0.6116531604882809,19.84423118582435,0.0,-1.1061796338282646,3.4793191954689267,0.3899781824833298,0
3,151.47641436987263,-54.63376477367861,0.0,0.0,177.2879262417812,12.283831068088896,79.18202570790592,1024.7894839923667,0,0.0,0.38938292050716417,urban,silt,0.6116531604882809,19.84423118582435,0.0,2.299344037757494,1.4828846926515253,0.4239780215425945,0
3,150.4008025852314,-51.587452364491256,0.0,0.0,182.5215719701642,16.855322228103674,31.72954379504947,1022.9292976929553,0,0.0,0.38938292050716417,urban,silt,0.6116531604882809,19.84423118582435,0.0,1.6862106646464803,5.814192887674929,0.37860789471185285,0
3,145.57586163981898,-46.261791972132286,0.0,49.344538441062035,185.87989260640921,14.602533084023925,36.867272454180494,1004.9524065338126,0,0.0,0.38938292050716417,urban,silt,0.6116531604882809,19.84423118582435,0.0,1.4143723701001898,4.895927177948666,0.4498699052442671,0
3,153.68927823460746,-52.78947777578867,0.6094510656463658,0.0,220.47243825334854,10.835589310887594,67.68653484914208,999.3163690794598,0,0.0,0.38938292050716417,urban,silt,0.6116531604882809,19.84423118582435,1.9712155715187059,-0.06785045185581776,7.973779790816662,0.4216786272508549,0
3,154.40456940006982,-55.560410953735236,2.529252825160024,0.0,187.72491563961887,15.821978653795377,40.18942786235655,1013.013256887344,0,0.0,0.38938292050716417,urban,silt,0.6116531604882809,19.84423118582435,19.123456805359208,-1.0154666064595133,9.2970666297313,0.39411502158834205,0
3,145.1282311349647,-47.83324851384614,0.0,4.632269345367164,213.94951639812854,12.586876591164616,72.6765756559774,1017.129989121378,0,0.0,0.38938292050716417,urban,silt,0.6116531604882809,19.84423118582435,0.0,1.3155263523007474,0.3476614312113469,0.4145098556724676,0
3,145.28251691864034,-46.46386604241005,0.0,0.0,130.92133955079007,20.573588593538943,81.71259445674312,1010.2351024441325,0,0.0,0.38938292050716417,urban,silt,0.6116531604882809,19.84423118582435,0.0,-0.9754107458974892,5.371665023851219,0.440705500033868,0
3,159.78617718948902,-58.95582398484288,0.0,0.0,124.03124653204983,21.389169549752722,87.91330250489574,1027.6707163504332,0,0.0,0.38938292050716417,urban,silt,0.6116531604882809,19.84423118582435,0.0,1.0016631820084232,4.3923690067103,0.4501690280787505,0
3,144.46764046603474,-42.87903820208072,0.0,36.15190715449786,160.1143355534594,25.76588237457701,57.95927758629371,1014.3819063678402,0,0.0,0.38938292050716417,urban,silt,0.6116531604882809,19.84423118582435,0.0,0.26437293902977266,0.5735856206228953,0.4330324888150309,0
3,152.1995330525846,-52.675003206661366,4.728351547276089,4.458964558331525,195.43423862353555,10.703037656948094,54.3958874752459,1020.2077208483822,0,0.0,0.38938292050716417,urban,silt,0.6116531604882809,19.84423118582435,25.020078265426857,1.3984611614402802,6.083296062634256,0.40435212911927204,0
3,145.44046012293825,-45.00185544853738,0.0,3.56303543482185,147.7661711429023,26.571494690866643,92.75416124904038,1007.2935956979989,0,0.0,0.38938292050716417,urban,silt,0.6116531604882809,19.84423118582435,0.0,-1.1928228159377592,1.4959088621371723,0.4565059182855531,0
3,147.67810441008467,-45.34744957448035,0.0,14.900962362396848,163.61191167030563,14.16346283743175,94.10149182344016,1006.3709332772014,0,0.0,0.38938292050716417,urban,silt,0.6116531604882809,19.84423118582435,0.0,1.451056746075971,0.683359355814413,0.4737698213067469,0
3,148.98081674046705,-46.594590848764994,0.0,0.0,157.84569373422215,25.932553913450597,34.5952795319838,1022.1891485465833,0,0.0,0.38938292050716417,urban,silt,0.6116531604882809,19.84423118582435,0.0,2.690762495255442,0.5420239643739161,0.3627913879419498,0
3,152.03102378715292,-49.41063997099113,0.0,14.914541441661447,163.7401545713298,13.607801092187039,36.08136144930181,1022.3747749250692,0,0.0,0.38938292050716417,urban,silt,0.6116531604882809,19.84423118582435,0.0,1.3727071100290662,4.194463370128681,0.3961205183217063,0
3,143.65483534977295,-43.60993452521763,0.0,2.330103525334819,120.84222415191965,10.499323314450702,68.12911293129643,1023.3651558350443,0,0.0,0.38938292050716417,urban,silt,0.6116531604882809,19.84423118582435,0.0,3.309508717701084,2.933363871526047,0.40971878881400126,0
3,145.4854761216197,-43.94188376714839,0.0,0.0,144.78044420993888,25.700761614238424,83.94607355880882,1025.6151925253553,0,0.0,0.38938292050716417,urban,silt,0.6116531604882809,19.84423118582435,0.0,-1.1950514032689112,9.741221625673882,0.4582811280434674,0
3,152.53823934458373,-54.97888072447168,0.0,0.0,216.1471033820031,30.020452496493757,59.32345453685969,984.6767407501586,0,0.0,0.38938292050716417,urban,silt,0.6116531604882809,19.84423118582435,0.0,-0.3221807545233468,6.87185702147624,0.4004277961869762,0
3,148.67904414706518,-47.425816872539045,0.0,11.744123672618118,133.51561050987362,19.395530475198527,36.444497298045555,1019.2340713827991,0,0.0,0.38938292050716417,urban,silt,0.6116531604882809,19.84423118582435,0.0,-1.1311527357479807,2.3565786057555895,0.385851237375022,0
3,150.91036993039612,-50.1089862562247,0.0,0.0,223.2644950668919,26.660182617372975,48.55126445012246,986.7778084545906,0,0.0,0.38938292050716417,urban,silt,0.6116531604882809,19.84423118582435,0.0,0.9605210028118498,5.275538377402247,0.3769919311810348,0
3,154.57847139587645,-53.11465158353172,0.0,1.2283502470572418,154.66570978152797,16.20718699077115,94.2209075342524,1028.6390014489953,0,0.0,0.38938292050716417,urban,silt,0.6116531604882809,19.84423118582435,0.0,-1.348685907143851,3.7194303266279203,0.4626079474678025,0
3,142.70410210504974,-43.66992178397078,0.0,0.0,120.68195247372005,27.006267208259352,83.65359322366086,1015.430917276607,0,0.0,0.38938292050716417,urban,silt,0.6116531604882809,19.84423118582435,0.0,-0.9679742325617577,0.6183074757563064,0.43032742492341874,0
3,144.95779341047083,-47.84820393929528,0.0,0.0,219.33712428869163,20.161567948801803,80.16934228995714,1018.7797852363956,0,0.0,0.38938292050716417,urban,silt,0.6116531604882809,19.84423118582435,0.0,0.9801592565029913,2.7382788595959613,0.4297188372075303,0
3,151.97030400931854,-51.256358490784685,0.0,0.0,135.66999822927085,23.439528451287856,67.42651062295013,1012.6210691828317,0,0.0,0.38938292050716417,urban,silt,0.6116531604882809,19.84423118582435,0.0,0.07525264769003794,1.3675049089998255,0.4001208520217278,0
3,150.72168086882428,-46.49698144985277,12.251698140623699,10.494132628767202,200.23661694302214,22.132265851542883,39.70980635471808,1012.9809436701124,0,0.0,0.38938292050716417,urban,silt,0.6116531604882809,19.84423118582435,98.4525104265251,-2.168140969808458,1.788613847361208,0.40677575281530987,0
3,158.19458406604144,-59.49678986006958,8.26280191864557,57.91093671205818,172.6066407709732,21.373921993193427,78.97591435402124,1006.7560171974642,0,0.0,0.38938292050716417,urban,silt,0.6116531604882809,19.84423118582435,46.53714804947377,-0.3302458444436795,4.132575856230279,0.5349068812309399,1
3,172.23563350819182,-72.97608469192453,27.863803378442217,0.0,185.3332038830086,18.901682477978618,81.27940759278135,1006.3913923777314,0,0.0,0.38938292050716417,urban,silt,0.6116531604882809,19.84423118582435,75.33943876383489,1.343889215628995,1.9210103600294826,0.4852147690713637,0
3,151.22800745077112,-49.181605504075144,0.0,0.0,193.43604857282133,28.971703360448743,36.87677381773193,1002.7083308925406,0,0.0,0.38938292050716417,urban,silt,0.6116531604882809,19.84423118582435,0.0,1.2911754243483868,0.09690618849012607,0.3614560346142984,0
3,155.3147911462133,-55.97026544674931,0.0,0.0,208.80396262265236,30.798538542201303,56.22879950861373,1004.8207290641453,0,0.0,0.38938292050716417,urban,silt,0.6116531604882809,19.84423118582435,0.0,1.4619179527524322,3.2532991368419184,0.3833828124765813,0
3,146.2557799968777,-46.87478152088528,0.0,0.0,152.16517132441436,10.878981256779854,51.00443912316212,1007.7940582231955,0,0.0,0.38938292050716417,urban,silt,0.6116531604882809,19.84423118582435,0.0,1.0140405442707137,0.28697682537018004,0.3640351247712628,0
3,145.6197030489844,-47.24165431683585,0.0,0.0,194.37512579085083,10.528745583735407,57.230643568956495,1010.424484288547,0,0.0,0.38938292050716417,urban,silt,0.6116531604882809,19.84423118582435,0.0,1.318902482227223,4.019742073637405,0.3876858294076533,0
3,148.14651513844606,-47.31686617437431,0.0,5.7678579198564695,215.00903969783948,13.165928137959359,41.603786302718916,1021.6719306191894,0,0.0,0.38938292050716417,urban,silt,0.6116531604882809,19.84423118582435,0.0,1.3604309118056468,0.9942487175882554,0.37279984908137753,0
3,154.53966649613542,-56.640913139791024,0.0,0.0,131.86433754017114,10.097959373777332,94.96494426887875,1001.1366357289014,0,0.0,0.38938292050716417,urban,silt,0.6116531604882809,19.84423118582435,0.0,-1.6209771647466336,2.323297261022708,0.4580650963696537,0
3,156.6763850693936,-57.98374335066844,0.0,0.0,130.67699908738544,20.262467842434482,90.6575396081862,1013.756949400051,0,0.0,0.38938292050716417,urban,silt,0.6116531604882809,19.84423118582435,0.0,-1.6247237885750438,1.4348481825618138,0.44678493981288586,0
3,165.4442204619679,-68.00106030668218,9.158720407795016,13.004347941608549,176.63106255168728,11.258073323366599,34.08898594117156,1010.640300849539,0,0.0,0.38938292050716417,urban,silt,0.6116531604882809,19.84423118582435,121.47479387878843,-1.354380475306589,2.077753707371154,0.4052225398989444,0
3,146.371091388252,-48.028924256264425,1.422033557019821,0.0,162.69331700106568,34.664237269483166,33.63521275833467,1005.8946992067379,0,0.0,0.38938292050716417,urban,silt,0.6116531604882809,19.84423118582435,11.782899729468316,6.153720740361007,6.800579500901565,0.3844111216655724,0
3,147.65658546902313,-48.643366968442905,0.0,0.0,132.14618841943906,34.252922160460805,31.42881796262549,996.1665530542717,0,0.0,0.38938292050716417,urban,silt,0.6116531604882809,19.84423118582435,0.0,1.987564429060878,6.869571926057247,0.3817740318269998,0
3,173.38306484542406,-72.43233362404004,33.96465882751378,0.0,127.54858855971852,27.582001351056263,56.164213106859236,1008.2582182489604,0,0.0,0.38938292050716417,urban,silt,0.6116531604882809,19.84423118582435,75.49914285935616,-2.0260590232456757,8.436118749678506,0.4667314161666096,0
3,144.6010233818118,-44.62071299911258,0.0,24.381261994862818,136.03768829370676,19.163779684480655,54.26795546706906,1001.7995257753013,0,0.0,0.38938292050716417,urban,silt,0.6116531604882809,19.84423118582435,0.0,-0.9930634709639381,5.767462129923919,0.4235755063650322,0
3,145.441471076036,-44.83459670353636,0.0,12.114884302888365,138.25052726226806,19.46758388952898,84.80441622693345,994.3896007066788,0,0.0,0.38938292050716417,urban,silt,0.6116531604882809,19.84423118582435,0.0,0.1958274752172837,4.495062776921506,0.462431663287792,0
3,158.37576014349904,-57.646800687806056,17.114864481769125,0.0,168.61244637615553,14.34943498804509,51.93600797134317,1021.821137720755,0,0.0,0.38938292050716417,urban,silt,0.6116531604882809,19.84423118582435,90.50721470685642,3.06896420358903,5.611871093515798,0.41610267423560005,0
3,152.36447630975857,-49.9044955728812,2.4478084339167085,0.0,217.36620775251674,11.64065220444544,65.7117690839627,998.9992927681699,0,0.0,0.38938292050716417,urban,silt,0.6116531604882809,19.84423118582435,9.816454943981656,2.0475526032416327,2.01718849310679,0.40353603656390724,0
3,151.12315263562968,-48.61688698609319,0.0,0.0,179.6320280232407,31.693078820127308,58.08755539212541,1022.6956902575291,1,0.0,0.38938292050716417,urban,silt,0.6116531604882809,19.84423118582435,0.0,1.0460792659271159,0.6401343399161894,0.37926082985282744,0
3,146.64368481859134,-47.11510730830467,0.0,8.76855853434129,170.86425303730394,29.44773516871342,54.85361651900581,1024.192449175641,0,0.0,0.38938292050716417,urban,silt,0.6116531604882809,19.84423118582435,0.0,2.7569392549230094,0.5791229361347304,0.38576275569675583,0
3,160.13725242514352,-59.55675929380945,0.0,19.28504257514861,180.51083520745308,26.1930013605153,31.904463801722194,1003.3987126135172,0,0.0,0.38938292050716417,urban,silt,0.6116531604882809,19.84423118582435,0.0,-1.33750342715509,1.1231146179573879,0.39346222376542317,0
3,149.34811217210324,-48.214568719734885,0.0,0.0,195.20265452373454,23.452366603027784,63.06588897405733,1012.5103496914155,0,0.0,0.38938292050716417,urban,silt,0.6116531604882809,19.84423118582435,0.0,-0.3446603134491319,6.800273272088005,0.40769791381320675,0
3,153.5862688250073,-56.13473306316089,0.0,0.0,127.60764915839815,16.841659623036442,93.7003551077931,1017.8777482108434,0,0.0,0.38938292050716417,urban,silt,0.6116531604882809,19.84423118582435,0.0,-1.110889585730003,0.10932871091111325,0.4488940123971476,0
3,139.3983758873035,-35.314020066234036,0.0,0.0,168.8134960058239,16.006125461607596,60.5372808941643,1016.9814726512253,0,0.0,0.38938292050716417,urban,silt,0.6116531604882809,19.84423118582435,0.0,0.02796363193864971,6.310245116081673,0.4011706131854017,0
3,163.3713563240306,-63.74877658101576,17.69886173917712,0.0,122.85949139911133,16.166411171119446,59.87495886264021,1022.0149653314273,0,0.0,0.38938292050716417,urban,silt,0.6116531604882809,19.84423118582435,86.61189841517789,0.9981916322754988,8.461354158216643,0.44169701972711267,0
3,157.46218478484744,-58.50306275563166,0.0,0.0,166.17700684310503,31.4237532467347,74.47358988725162,994.9849700349192,0,0.0,0.38938292050716417,urban,silt,0.6116531604882809,19.84423118582435,0.0,-2.433161608271419,5.607650737125137,0.42693544803470673,0
3,154.62202750636266,-55.40111309552896,0.0,0.0,160.39969353107858,32.885405036667585,79.52573442330132,1008.61066027656,0,1.2520148334638839,0.38938292050716417,urban,silt,0.6116531604882809,19.84423118582435,0.0,-0.8744148938957705,8.12890799037592,0.4446035088665584,0
3,152.96975364194157,-56.08050110962405,0.0,10.860042137432117,201.23399470105943,24.053618845689627,65.9257528529601,1014.007910726448,0,0.0,0.38938292050716417,urban,silt,0.6116531604882809,19.84423118582435,0.0,1.9125900041826922,11.62336652926409,0.4441769845486887,0
3,156.9653323908243,-58.39250173063865,4.694207195095635,3.18383551508355,184.52418556001416,20.14286060452369,32.670353722111095,1005.9422651690463,0,0.0,0.38938292050716417,urban,silt,0.6116531604882809,19.84423118582435,49.580005032206216,-1.5337280760091048,0.34036134624310516,0.37635056775037395,0
3,169.60533327817373,-68.60196318783615,23.2941954142733,38.78588432473372,174.20835666814006,12.926610324546566,64.33155189249612,1013.7811773523601,0,0.0,0.38938292050716417,urban,silt,0.6116531604882809,19.84423118582435,85.19987118006003,-0.07978876750342384,7.021197831307944,0.5156592306433914,1
3,163.12768156687457,-64.30658636675201,3.7474333990227184,0.0,142.78431001104207,34.15053647825521,38.49123480122839,1021.1683701143098,0,0.0,0.38938292050716417,urban,silt,0.6116531604882809,19.84423118582435,18.2625404279008,-1.3006313597241859,3.0518684986264253,0.3778157883427528,0
3,148.55347715506477,-48.582017860963546,0.0,17.241112286681474,125.42979589637447,29.571215449666436,84.95820270463642,1013.9782717470792,0,0.0,0.38938292050716417,urban,silt,0.6116531604882809,19.84423118582435,0.0,0.9590150960032172,3.6447059728522513,0.46787750780667986,0
3,148.15275584503058,-49.47083439480787,2.150289783715513,0.0,224.73214827096572,10.620430286128729,84.29086391032627,1018.3641389989134,0,0.0,0.38938292050716417,urban,silt,0.6116531604882809,19.84423118582435,10.89382957013766,1.5961197467046842,5.883359145350316,0.45169770087296257,0
3,149.9720295661185,-49.13260792540114,11.856370771992129,0.0,178.6165671043347,22.569586046167014,39.388371470080045,995.4521125787761,0,0.0,0.38938292050716417,urban,silt,0.6116531604882809,19.84423118582435,38.04068174656111,-0.18391356520853172,0.08012641147580213,0.38511843682723973,0
4,159.25875000239083,-59.559978031650694,14.136324539680395,0.0,179.7276120618423,13.871034866186374,53.15260632498966,1001.719374451923,0,0.0,3.533152609858703,coastal,loam,0.3998609717152555,0.46124850082831514,63.56086158302168,3.107601002175361,9.975402332073665,0.6044901658970866,1
4,150.38666601181473,-51.27930704228341,0.0,0.0,178.89003113513672,32.04272424096462,91.22386317192732,1016.675104105406,0,0.0,3.533152609858703,coastal,loam,0.3998609717152555,0.46124850082831514,0.0,-1.603818408899915,12.274867706369733,0.6592584266344894,1
4,152.0734799622397,-53.25604953984349,0.0,0.0,208.7240231397674,28.724975435123923,47.70050081677038,1008.7134547308347,0,0.0,3.533152609858703,coastal,loam,0.3998609717152555,0.46124850082831514,0.0,2.0002586715079635,12.186212879621097,0.5765447358103888,1
4,155.09256930996997,-56.10450170794569,0.0,0.0,175.5393532239546,33.414255451770984,50.04288790895292,1013.6233134961913,0,0.0,3.533152609858703,coastal,loam,0.3998609717152555,0.46124850082831514,0.0,-1.6886568975790084,3.2118629582078393,0.549707461864055,1
4,158.2172446739537,-58.19034394471512,0.0,0.0,175.95402186207681,30.459016034880417,41.159082677809096,1003.7120791854754,0,0.0,3.533152609858703,coastal,loam,0.3998609717152555,0.46124850082831514,0.0,-1.4701459672547157,8.335063526785355,0.5649912877518816,1
4,150.83253134059765,-46.69607925758601,0.0,13.27805479256735,128.35971283152784,21.245099767610718,79.16314355833623,1025.0257650522524,0,0.0,3.533152609858703,coastal,loam,0.3998609717152555,0.46124850082831514,0.0,-1.1996440466396987,7.793934975119208,0.6416112714024067,1
4,176.0485944091485,-75.20081544426054,23.052760983458427,0.0,163.1146444103908,16.27980011511168,50.83689309107244,1007.6142632670337,0,0.0,3.533152609858703,coastal,loam,0.3998609717152555,0.46124850082831514,149.0528122639499,-3.949341789174216,3.7453960832564133,0.5990015935703565,1
4,167.86509707669674,-65.52628061238381,27.010256980430988,0.0,155.5545730417074,30.192559226101427,46.01263607074962,1017.6245398612713,0,0.0,3.533152609858703,coastal,loam,0.3998609717152555,0.46124850082831514,198.66083674446483,-2.6717248083372267,3.6206827965724866,0.604868659522105,1
4,159.8654436495722,-59.115105621455264,0.0,0.0,191.97517302085103,10.403116159305373,54.222713443119574,1009.2316232050343,0,0.0,3.533152609858703,coastal,loam,0.3998609717152555,0.46124850082831514,0.0,-1.2821625330767108,3.2952717195670984,0.558317339216466,1
4,150.67834208016387,-47.96366114667153,0.0,0.0,203.96474728879994,17.3675342471382,67.12883965384862,1025.2438167011755,0,0.0,3.533152609858703,coastal,loam,0.3998609717152555,0.46124850082831514,0.0,2.645488933770271,0.8456134282140819,0.576780616763865,1
4,160.6513958064704,-60.09379618169947,13.033206139227833,26.037306240138395,208.99882154838934,20.377679421373315,35.807093648971346,1009.8733155426764,0,0.0,3.533152609858703,coastal,loam,0.3998609717152555,0.46124850082831514,34.101490098050775,-0.5448200332073744,6.168621391680965,0.6236143329852317,1
4,147.99249272905027,-49.30535265627852,0.0,0.0,216.98575612587516,18.614914893174294,40.46398805967936,1026.7147478214092,0,0.0,3.533152609858703,coastal,loam,0.3998609717152555,0.46124850082831514,0.0,2.1683964880870854,1.0515152011099769,0.5431406427748555,1
4,141.24576456262335,-42.640382864021404,0.0,0.0,119.58396508816523,21.239583823006555,84.39612244472849,1018.3697569694374,0,0.6761175969023342,3.533152609858703,coastal,loam,0.3998609717152555,0.46124850082831514,0.0,-0.5941144157454854,1.5043602269576253,0.6132914227418553,1
4,147.55743700246694,-46.015832562491,0.0,0.0,149.45466400610474,28.419864217754924,59.47205499057742,1017.278143951529,1,0.0,3.533152609858703,coastal,loam,0.3998609717152555,0.46124850082831514,0.0,1.240297560830928,17.910313037437554,0.612661146264993,1
4,152.36222375697778,-51.61131204172328,0.0,5.425396475068516,161.07786152492537,17.922825345463608,60.38017680411515,1024.6225959750566,0,0.0,3.533152609858703,coastal,loam,0.3998609717152555,0.46124850082831514,0.0,0.12376670577427042,4.63776665405864,0.5827978454545346,1
4,148.1128494234322,-48.76822250608977,0.0,20.175826868582895,163.98724178842008,18.342605189390746,50.57047096399741,1000.0529481931445,0,0.0,3.533152609858703,coastal,loam,0.3998609717152555,0.46124850082831514,0.0,-0.22298157425022427,7.20902664507954,0.5930178593376333,1
4,151.45152762621623,-49.972176689980564,0.0,50.61998691332511,141.9314644152036,30.277614157632954,42.82077330085609,990.5056754579923,0,0.0,3.533152609858703,coastal,loam,0.3998609717152555,0.46124850082831514,0.0,1.6845946540278054,0.11597989278687411,0.6162640172198738,1
4,157.75074835211538,-60.775806282713134,1.46075974070564,0.0,126.93142340752496,15.668965435012899,90.5468751497302,991.2203226780531,0,0.0,3.533152609858703,coastal,loam,0.3998609717152555,0.46124850082831514,3.6688141639608975,2.1842059220386676,7.382318208109009,0.6461483215767243,1
4,150.49150706922322,-49.02539850629122,0.0,0.0,138.20921054399184,24.451802550310312,92.2686579611779,1016.1149085879779,0,0.0,3.533152609858703,coastal,loam,0.3998609717152555,0.46124850082831514,0.0,1.8176248226999379,2.0398573905062647,0.6306429852654002,1
4,146.66071104254803,-47.7078630193612,0.0,3.45794852728336,153.05264491142145,21.637174310992485,91.3077302300743,1021.7617393169307,0,0.0,3.533152609858703,coastal,loam,0.3998609717152555,0.46124850082831514,0.0,0.06780544736467502,5.9520386783724515,0.6456445964577165,1
4,148.4396362805367,-53.252112582556485,0.0,0.0,123.38337899503625,26.084243126744013,47.06316888140577,1008.7840593744239,0,0.0,3.533152609858703,coastal,loam,0.3998609717152555,0.46124850082831514,0.0,-0.11408233370588353,5.919937215984446,0.5577459088194788,1
4,145.80528722498295,-47.71339613319212,0.0,14.331237528487375,162.48531738344104,33.36026986428037,33.15017511092845,1001.7376179291393,0,0.0,3.533152609858703,coastal,loam,0.3998609717152555,0.46124850082831514,0.0,-0.20311640734510336,2.411361051007582,0.5687170366172793,1
4,154.17357307480796,-51.37460022086328,0.0,0.0,132.89022423536994,33.69059146301667,60.88610629147084,1010.2248638113977,0,0.0,3.533152609858703,coastal,loam,0.3998609717152555,0.46124850082831514,0.0,1.9144676154973717,2.914433606880174,0.5705016105751077,1
4,160.90135723568022,-62.07566555374263,14.591308924809207,0.0,211.66016303086465,10.503043046326852,78.92726395868844,1016.8547307045695,0,0.0,3.533152609858703,coastal,loam,0.3998609717152555,0.46124850082831514,22.991013357821682,-0.9646271418726059,5.4949167872098235,0.6435079933001503,1
4,155.21427455986432,-53.14196003758731,0.0,0.0,219.10183510007602,26.052755875638027,49.37977315797612,1018.9793103422861,0,0.0,3.533152609858703,coastal,loam,0.3998609717152555,0.46124850082831514,0.0,-0.7575196732061866,10.413301610548988,0.5712260020031725,1
4,146.162246499846,-45.87234801943507,0.0,0.0,197.6749497567883,30.698123863632812,80.13079981215657,990.543295617275,0,0.0,3.533152609858703,coastal,loam,0.3998609717152555,0.46124850082831514,0.0,-0.9672342791108735,4.208903873920064,0.6128744084175989,1
4,143.19744033920227,-43.40591629819834,0.0,0.0,216.46873119433175,24.493427873494298,73.35739571314801,1005.1550392761046,0,0.0,3.533152609858703,coastal,loam,0.3998609717152555,0.46124850082831514,0.0,1.0091636289547805,3.132691816684712,0.5960989640478757,1
4,152.36393431401876,-56.873156070604196,0.0,4.9207678877448835,139.44970002944984,22.60658651982579,86.26692736422757,1005.187275003056,0,0.0,3.533152609858703,coastal,loam,0.3998609717152555,0.46124850082831514,0.0,0.6624385574770567,8.090962447195386,0.6441739910731842,1
4,183.6878051107569,-81.0859220846935,40.67827369274359,7.254995047954465,135.34335967211237,26.66772138491142,48.47873879120486,1012.9163788887594,0,0.0,3.533152609858703,coastal,loam,0.3998609717152555,0.46124850082831514,178.59279568673392,-1.020241478957752,3.6475967549310107,0.6431679273937375,1
4,159.4727371539372,-58.53478099764027,0.0,2.4485693437720664,216.90141980951122,19.57647016052509,77.4188924284685,1026.2805688898698,0,0.0,3.533152609858703,coastal,loam,0.3998609717152555,0.46124850082831514,0.0,0.15115274534007564,5.244320709376811,0.614229698172251,1
4,150.67827184637318,-50.73079343291288,8.14097536399622,36.25718706951517,218.0156571274939,23.00576222757725,74.01109601093688,1020.4698084010471,0,0.0,3.533152609858703,coastal,loam,0.3998609717152555,0.46124850082831514,45.01597461435229,-0.005572221333802476,2.6654520100791657,0.666672376555902,1
4,146.90410749785235,-49.14958074858971,0.0,0.0,172.073183731845,14.565628256327528,67.30838637706321,1002.1626463005983,0,0.0,3.533152609858703,coastal,loam,0.3998609717152555,0.46124850082831514,0.0,2.335019645972892,3.619823652338937,0.5854623408826688,1
4,160.2358644085082,-60.703274431925124,0.0,0.0,128.93793738818547,33.08059367463072,74.80315587967942,1022.4808438743609,0,0.0,3.533152609858703,coastal,loam,0.3998609717152555,0.46124850082831514,0.0,0.8188770612845045,1.383358858595727,0.5937424855066716,1
4,142.0755843071096,-40.70183386070382,0.0,0.0,194.71339266359865,32.95712588449894,56.52263000418308,1009.7470107567643,0,0.0,3.533152609858703,coastal,loam,0.3998609717152555,0.46124850082831514,0.0,1.3190629391782767,8.832559001638169,0.5795290341848062,1
4,155.79297128895007,-55.60665461355059,1.729425320379368,0.0,148.50219647947475,18.112666229223684,91.43295916841765,987.4645040394411,0,0.0,3.533152609858703,coastal,loam,0.3998609717152555,0.46124850082831514,9.63000056235786,-0.10033853526776493,6.2503675898546245,0.6450619689186835,1
4,176.89852405673534,-74.67527975371792,29.840286651128118,0.0,217.000181883744,27.99898848423699,78.99789134359398,1008.299285004113,0,0.0,3.533152609858703,coastal,loam,0.3998609717152555,0.46124850082831514,139.98299745434733,-0.6795180152950476,1.1580373708404592,0.6611365652734911,1
4,175.31823077846624,-76.43732334904519,11.52760535040603,0.0,180.14902608380532,28.247227942589944,56.710638822579284,1026.5918949416402,0,0.0,3.533152609858703,coastal,loam,0.3998609717152555,0.46124850082831514,169.87120914976103,-3.363457070657668,1.4775114476654196,0.5808951198604924,1
4,154.34474241220832,-54.433465323231445,0.0,0.0,169.18517197113366,34.79215350981839,80.0784571815019,1006.2848779301945,0,0.0,3.533152609858703,coastal,loam,0.3998609717152555,0.46124850082831514,0.0,2.770972681036177,2.236866249206077,0.6068536102821476,1
4,152.69953588697118,-51.20864132285731,4.9860594727279395,12.310976876304972,170.26662826281586,22.623320102235002,41.4667741778126,989.1170754924882,0,0.0,3.533152609858703,coastal,loam,0.3998609717152555,0.46124850082831514,7.892949283597387,-0.2978945897994415,2.5432890213992057,0.5760545484956364,1
4,144.25873267330252,-44.163082033733154,0.0,0.0,202.48122614608823,21.40792051377406,41.099936900216896,998.0596220671025,0,0.0,3.533152609858703,coastal,loam,0.3998609717152555,0.46124850082831514,0.0,2.358518669220252,10.013413832042959,0.5700263386676544,1
4,174.3346833324499,-75.08781657543193,34.07697495888793,29.419539987648637,130.93213698502012,33.685699951494826,57.51827177780109,1009.8512466793692,0,0.0,3.533152609858703,coastal,loam,0.3998609717152555,0.46124850082831514,65.74791326791136,-4.038812257581603,2.7441794150923116,0.6755384388716534,1
4,154.16200063229007,-53.56440507164655,0.0,35.4003750466057,131.95025382448938,23.298324438819787,48.49327738325887,1031.9873498135523,0,0.0,3.533152609858703,coastal,loam,0.3998609717152555,0.46124850082831514,0.0,0.7891599709684387,2.1287780232579525,0.5994729938112079,1
4,176.119592842153,-76.64310942259519,31.58697869928331,0.0,124.02050445967559,28.00933031830507,58.89119856855642,993.9505554598936,0,0.0,3.533152609858703,coastal,loam,0.3998609717152555,0.46124850082831514,180.8536180948954,-0.6402009527001673,12.025347749551047,0.6570184949558582,1
4,149.97266659843652,-50.077676735513826,0.0,0.0,210.87779355757854,17.536404660266697,36.146162410335236,1013.4304087085039,0,0.0,3.533152609858703,coastal,loam,0.3998609717152555,0.46124850082831514,0.0,-2.4914849004673405,2.6125503510525574,0.5478237482246832,1
4,140.44811795933126,-39.71462514354674,0.0,0.0,170.9329868604904,14.017833729774642,93.58725512941581,1015.0228040762122,0,0.0,3.533152609858703,coastal,loam,0.3998609717152555,0.46124850082831514,0.0,-1.8053771876441456,1.6958878956774213,0.6322482711173895,1
4,152.14547534483222,-52.80833808739523,0.0,0.47566625831723486,220.47732666729266,23.16487356474473,49.713266694253946,1021.5320154505156,0,0.0,3.533152609858703,coastal,loam,0.3998609717152555,0.46124850082831514,0.0,0.2144159240802673,1.594231777473656,0.5454822918914224,1
4,141.50300579876068,-35.83601457497214,0.0,0.0,141.85786905659853,28.453768871042243,42.2940152612381,1014.8344657621814,0,0.0,3.533152609858703,coastal,loam,0.3998609717152555,0.46124850082831514,0.0,0.05838100787113489,3.4898701506504874,0.550455707623477,1
4,153.5390825076892,-56.08812072230393,0.0,0.0,191.94713301586742,22.233068686878035,63.31745403507376,1013.5138541062432,0,0.0,3.533152609858703,coastal,loam,0.3998609717152555,0.46124850082831514,0.0,0.5949241062356331,0.6974889807372943,0.5687134721838849,1
4,149.2693435463918,-50.45686665919448,0.0,62.92485160417728,218.27322157094784,14.927650970591305,86.89861059354945,1014.6851340233343,0,0.0,3.533152609858703,coastal,loam,0.3998609717152555,0.46124850082831514,0.0,-0.13543439470540924,5.958689179107139,0.7260466633022118,1
4,162.80850730005366,-63.26983063333308,0.0,0.0,182.5741096688399,13.024016555962309,35.11534888770094,1027.419424019526,0,0.0,3.533152609858703,coastal,loam,0.3998609717152555,0.46124850082831514,0.0,-0.28324196602105484,4.214527821621551,0.5526296806363902,1
4,149.4619647525335,-48.92477759044491,0.0,0.0,221.4184300786919,17.156475884579578,57.54753203628232,1024.9691094876134,0,0.0,3.533152609858703,coastal,loam,0.3998609717152555,0.46124850082831514,0.0,-3.528896344461117,1.455034312319071,0.5594462641810474,1
4,143.77744757186278,-42.136340566086986,0.0,0.0,161.70915356063628,19.090286229751598,44.09292793539204,1008.7997227270583,0,0.0,3.533152609858703,coastal,loam,0.3998609717152555,0.46124850082831514,0.0,-2.9131759465187272,9.329222761426353,0.5679737654558046,1
4,152.89835424255642,-53.98872673200906,0.0,0.0,138.43465448975712,12.147759705070513,76.41774416011953,1003.0564493436913,0,0.0,3.533152609858703,coastal,loam,0.3998609717152555,0.46124850082831514,0.0,-1.8019400368525103,12.309898529449583,0.6297512810801134,1
4,147.78846791606213,-49.0513419710285,0.0,0.0,167.5178855795643,14.836180700298437,43.67418529943933,1025.2803020960814,0,0.0,3.533152609858703,coastal,loam,0.3998609717152555,0.46124850082831514,0.0,-1.4996964207652008,4.634971933372815,0.553891012971644,1
4,146.11566398395047,-45.699018966699285,0.0,0.0,193.41903710642998,23.93561861675355,46.64137624899835,1003.8935491281751,0,0.0,3.533152609858703,coastal,loam,0.3998609717152555,0.46124850082831514,0.0,-3.3032191934365676,2.2359969653499174,0.5466940880675752,1
4,141.8994838587968,-38.55495205060174,0.0,0.0,157.81718347326185,32.8453630656236,53.93920539762112,1004.6581515126737,0,0.0,3.533152609858703,coastal,loam,0.3998609717152555,0.46124850082831514,0.0,2.380704057912823,7.860777399513577,0.5714468401653086,1
4,149.48107868546234,-47.29746800731304,0.0,0.19271407025433612,210.51653491026042,21.168488132784823,52.29282378050508,987.7772208251205,0,0.0,3.533152609858703,coastal,loam,0.3998609717152555,0.46124850082831514,0.0,3.3426951508749525,4.506878399485872,0.5583814510363748,1
4,149.79853691794222,-48.859379124145434,0.0,0.0,154.6370854274046,24.237059703414793,85.97237880399265,1013.9373330317385,0,0.0,3.533152609858703,coastal,loam,0.3998609717152555,0.46124850082831514,0.0,1.291780840551785,5.4952237577743634,0.6284165260528339,1
4,150.10870119745613,-52.23371634847673,0.0,0.0,182.8369808830124,33.26121501362577,84.40030913490054,1019.0756562712138,1,0.0,3.533152609858703,coastal,loam,0.3998609717152555,0.46124850082831514,0.0,2.361979810611344,2.016372815185859,0.6148358338868841,1
4,153.02461217518774,-54.38091709758286,0.0,0.0,177.99413475583688,28.215378919819422,53.064972022992784,1007.6391820487914,0,0.0,3.533152609858703,coastal,loam,0.3998609717152555,0.46124850082831514,0.0,-2.641756710754635,3.857008974518833,0.5576870681410676,1
4,147.83299296999553,-48.640503704353584,0.0,23.34134401501452,156.1135290328282,20.11634354121375,55.58932258938984,1013.0072090693598,0,0.0,3.533152609858703,coastal,loam,0.3998609717152555,0.46124850082831514,0.0,1.406130293482203,2.638425972084797,0.5940920362890815,1
4,187.0929731732314,-89.04345502343195,18.156878767220707,0.0,139.1477761450245,22.697435400084522,64.35797309343374,1007.0565014726039,0,0.0,3.533152609858703,coastal,loam,0.3998609717152555,0.46124850082831514,212.93127269737448,0.6759111082900505,2.961204224064073,0.6138994135650266,1
4,148.749930895095,-49.506483984249805,0.0,0.12584700492624484,137.05419960447725,24.519920746336894,76.435191532424,1014.4001448687561,0,0.0,3.533152609858703,coastal,loam,0.3998609717152555,0.46124850082831514,0.0,0.1885585872285587,5.181824420660478,0.6085907240057443,1
4,157.24538732089644,-58.38368371824151,0.0,0.0,207.21901115497425,28.12281866561099,88.15952915581218,1013.4092474872892,0,0.4699432407532499,3.533152609858703,coastal,loam,0.3998609717152555,0.46124850082831514,0.0,-1.9966135505821099,2.5939650872586064,0.6240870507449257,1
4,147.86880773864092,-46.58846846639482,0.0,6.152274004559892,141.50709039274997,17.82955126759088,41.62466945300696,1018.5933732452767,0,0.0,3.533152609858703,coastal,loam,0.3998609717152555,0.46124850082831514,0.0,-3.815223613913599,2.7419956955416485,0.5574404952649903,1
4,190.2715197633937,-90.64894296287338,32.58820833908432,10.805756180437124,187.42656362490675,32.242185314291625,58.628247092642994,1015.262633165688,0,0.0,3.533152609858703,coastal,loam,0.3998609717152555,0.46124850082831514,209.6498479191164,-3.271158053632496,4.839727565704697,0.6531468250027499,1
4,159.74609099077932,-60.32906983328603,14.175681257673837,0.0,166.46464012854764,18.31725449231675,58.48940952215578,1014.5367402056419,0,0.0,3.533152609858703,coastal,loam,0.3998609717152555,0.46124850082831514,82.69479490461391,-2.853653153562685,0.34668580857673986,0.5863563361569151,1
4,145.72088902151276,-45.41419948630853,0.0,18.898909096710884,189.38905934782917,21.924797884454374,71.74808062796248,1020.2834521306954,0,0.0,3.533152609858703,coastal,loam,0.3998609717152555,0.46124850082831514,0.0,-4.481693488045477,0.028179151484263927,0.6119151595269696,1
4,156.17927416055105,-54.13920114674686,0.0,12.361000920415844,211.6958396564644,23.195302707390518,63.64593884586787,1021.5440200112072,0,0.0,3.533152609858703,coastal,loam,0.3998609717152555,0.46124850082831514,0.0,0.09865633158968724,3.6122349261048967,0.5966561810221997,1
4,144.75364091041516,-44.83218752431831,0.0,0.0,151.43833773301185,30.946034522637962,34.70322175318623,1021.2595415562006,0,0.0,3.533152609858703,coastal,loam,0.3998609717152555,0.46124850082831514,0.0,0.3699411501463125,2.2637817603834725,0.546777442452676,1
4,143.93307916881304,-41.328397679105514,0.0,0.0,124.57226566404617,10.77642190087889,66.02178160417192,1025.8033230387173,0,0.0,3.533152609858703,coastal,loam,0.3998609717152555,0.46124850082831514,0.0,-0.19022329540153202,1.6651880952688083,0.5770252246656759,1
4,145.46464288449695,-45.65347940876905,0.0,12.113508602252056,216.71171788200567,10.133724717355571,78.63552240175851,1020.7231458444071,0,0.0,3.533152609858703,coastal,loam,0.3998609717152555,0.46124850082831514,0.0,1.4066261229151837,0.6116169106637258,0.6172622556104118,1
4,143.57667452260893,-43.401727015247445,0.0,3.5102602319096783,188.95927192323163,11.967464417687736,69.24408434944485,1005.8193521638174,0,0.0,3.533152609858703,coastal,loam,0.3998609717152555,0.46124850082831514,0.0,4.6756554907766,4.303784008509099,0.596651008243807,1
4,144.94913908643608,-42.82159111886492,0.0,2.0577233724586153,163.88672877268255,16.18015184347192,78.64439121283186,1017.5325450128577,0,0.0,3.533152609858703,coastal,loam,0.3998609717152555,0.46124850082831514,0.0,0.9245249289084084,6.162880273077411,0.6188501054751094,1
4,156.9450422998003,-58.50123187146572,0.0,0.0,158.94032849589877,12.573653617507155,76.73648332818406,1027.9809763348778,0,0.0,3.533152609858703,coastal,loam,0.3998609717152555,0.46124850082831514,0.0,-2.3430088163392355,6.202967924203672,0.6120679676005047,1
4,154.7428942734824,-55.88526222165076,0.0,0.0,122.65603341437568,31.980108439634567,30.845663872681726,1022.5580274511248,0,0.0,3.533152609858703,coastal,loam,0.3998609717152555,0.46124850082831514,0.0,2.6552309032106107,11.045919833443394,0.5731238566718557,1
4,158.75432828219357,-60.521766563575696,0.0,0.0,132.29430188898107,34.65874807360405,50.48908792952359,1004.2927222835626,0,0.0,3.533152609858703,coastal,loam,0.3998609717152555,0.46124850082831514,0.0,-0.8791605511244809,3.2063950970528783,0.5505834583217314,1
4,148.50068101594596,-50.33671913922389,0.0,0.0,217.7258835434235,32.64859919815662,66.84239682568028,997.353778726642,0,0.0,3.533152609858703,coastal,loam,0.3998609717152555,0.46124850082831514,0.0,-0.7272265918032353,8.555536458385252,0.5993375001980419,1
4,181.69030802735776,-85.53493623826569,24.61752829050787,2.5847294116480435,167.05369315457395,25.14248101149689,74.9711540304549,1009.043996267543,0,0.0,3.533152609858703,coastal,loam,0.3998609717152555,0.46124850082831514,188.80898582020967,-1.4541990803519294,0.5081792386452635,0.6445650936468589,1
4,151.37737735044382,-49.043135774437225,0.0,0.0,120.86013256322228,17.58048866796478,75.36938064735651,1025.7857516793938,0,0.0,3.533152609858703,coastal,loam,0.3998609717152555,0.46124850082831514,0.0,-3.5919829628194324,7.916527948135581,0.6144744423106453,1
4,147.79926903288222,-48.515757788697236,0.0,0.0,120.31792220942911,30.980198825986474,32.07963990938111,1002.0285635037119,0,0.0,3.533152609858703,coastal,loam,0.3998609717152555,0.46124850082831514,0.0,4.1097092396263335,2.9127252725158863,0.5487242729890732,1
4,147.29604202566398,-47.037667079000556,0.0,0.0,212.2163964878592,12.616515847697407,83.47211526760282,1006.4025135874604,0,0.0,3.533152609858703,coastal,loam,0.3998609717152555,0.46124850082831514,0.0,-2.1718450585792684,1.5511050362486727,0.6115836428154772,1
4,147.96556691543555,-45.2253632082148,0.0,10.11353921302852,146.36527171501362,32.12316867112416,67.50632610988629,1012.6772310589738,0,0.0,3.533152609858703,coastal,loam,0.3998609717152555,0.46124850082831514,0.0,0.582405510276065,1.8178664745751454,0.5956226576345663,1
4,154.5125966888916,-54.55528729323642,0.0,0.0,119.68001918082619,16.119996825043145,74.23790103971987,989.3130879314784,0,0.0,3.533152609858703,coastal,loam,0.3998609717152555,0.46124850082831514,0.0,2.6651029353302556,4.644660067661076,0.6023958794539486,1
4,152.58814015193343,-53.4808043094678,0.0,0.0,205.31735180823668,29.231263981039667,68.7869943569041,1017.9537981532849,0,0.0,3.533152609858703,coastal,loam,0.3998609717152555,0.46124850082831514,0.0,5.2757635045204,1.5093669036050588,0.5820881865961489,1
4,138.149428147897,-38.95419354294567,0.0,0.0,159.293960047752,13.521715098771534,70.62134507650907,1015.6669978950207,0,0.0,3.533152609858703,coastal,loam,0.3998609717152555,0.46124850082831514,0.0,-1.2007713857422115,0.6982684478267541,0.5833235926680239,1
4,161.67542414249138,-60.68746937808009,11.0781775332878,0.0,168.3914051706262,24.95765189240047,32.01308922246316,1020.4182229439012,0,0.0,3.533152609858703,coastal,loam,0.3998609717152555,0.46124850082831514,40.467686535283214,-2.0792678856495592,2.105424951099031,0.5684587270913982,1
4,160.6080844277126,-58.80666898962862,7.571486371897267,0.0,191.36500222876066,15.493068752759921,58.513660292198175,1019.4096079920309,0,0.0,3.533152609858703,coastal,loam,0.3998609717152555,0.46124850082831514,40.85571332825476,1.0111157064300154,2.1811785240052752,0.5786999260717323,1
4,145.52391183525478,-47.33584211789018,0.0,0.0,141.33057726005111,21.383218745215054,89.04844061169723,1009.5070453179478,0,0.0,3.533152609858703,coastal,loam,0.3998609717152555,0.46124850082831514,0.0,-3.8946849482816286,4.892289028332751,0.6327598454799183,1
4,151.92664925383903,-51.869098125677034,5.021547786540702,3.7507435245766665,190.19252674586718,29.306006897331915,60.75885714748591,1025.121292042335,0,0.0,3.533152609858703,coastal,loam,0.3998609717152555,0.46124850082831514,27.234062975395414,2.466812152705339,0.03844497860684737,0.5772883572622644,1
4,152.120447160395,-54.945898678196116,6.96825425965657,0.0,203.67612532226119,18.83693687820947,71.74362640517533,1019.1903294658853,0,0.0,3.533152609858703,coastal,loam,0.3998609717152555,0.46124850082831514,44.15562406730443,-0.5598490846440145,2.4551484903899374,0.6047753039723591,1
4,151.3868079011836,-47.771627256798986,6.546442639053857,0.0,210.37491280497358,13.466313227832593,38.275272118537124,1007.2373807097173,0,0.0,3.533152609858703,coastal,loam,0.3998609717152555,0.46124850082831514,32.095355341701115,-0.8645903582146605,6.363573669856324,0.5721697034592023,1
4,148.71626797201617,-51.88348384085656,0.0,0.0,218.57413052738522,14.243962455178396,92.7674563598168,1021.2223218203934,0,0.0,3.533152609858703,coastal,loam,0.3998609717152555,0.46124850082831514,0.0,4.291649850152977,7.724679610767002,0.6486950487234602,1
4,157.16136767419115,-58.312923184039235,0.0,0.0,183.13369109229635,24.629869634821347,54.03295770672477,1018.0642077499704,0,0.0,3.533152609858703,coastal,loam,0.3998609717152555,0.46124850082831514,0.0,-0.5178775931567812,0.9392970050435976,0.5508699036001059,1
4,151.27204679035347,-50.98973596097108,0.0,11.399063171051584,214.04567793661553,12.075968945254662,42.418371466064386,999.1459060818187,0,0.0,3.533152609858703,coastal,loam,0.3998609717152555,0.46124850082831514,0.0,-2.533793425853188,2.1933398127913,0.5636647113664768,1
4,153.50593896030327,-51.99602142801934,0.0,16.33123387250356,162.0977039498151,17.01158060511631,77.52169389523154,1012.961958663292,0,0.0,3.533152609858703,coastal,loam,0.3998609717152555,0.46124850082831514,0.0,1.7601319259146846,7.169029119642072,0.6410334231296702,1
4,142.83865322640216,-40.99262675261316,0.0,53.057685351098925,158.4784890199531,27.036515312929282,34.12982195755471,1005.9412098593979,0,0.0,3.533152609858703,coastal,loam,0.3998609717152555,0.46124850082831514,0.0,-1.303614756147418,1.8205311069460621,0.6250342185190121,1
4,162.11327025642981,-62.389196453916135,16.79076547150876,0.0,175.26359111222118,30.59504374801345,36.70453945709347,1018.4812632872729,0,0.0,3.533152609858703,coastal,loam,0.3998609717152555,0.46124850082831514,35.71552724264849,-1.6287963748926475,7.504215151401892,0.5960802735687487,1
4,148.21284762211164,-50.24589634647684,0.0,0.0,124.89705143130097,27.138465514065583,58.35393711280295,1009.4154449316319,0,0.0,3.533152609858703,coastal,loam,0.3998609717152555,0.46124850082831514,0.0,-3.7993405617177625,0.6413174024191541,0.5586179236043889,1
4,144.42191667389508,-45.985610421941765,0.0,11.014545431559503,157.56014157347445,31.834786447730483,55.67436758568711,1007.0457679712396,0,0.0,3.533152609858703,coastal,loam,0.3998609717152555,0.46124850082831514,0.0,2.281717973403228,5.89770529290364,0.58554976636895,1
5,141.8421244348815,-41.59377306539227,0.0,7.104199702036357,183.82526751867812,16.377180560534953,38.25718243826006,1000.3053473398719,0,0.0,23.332831606807712,coastal,loam,0.38246199126716274,19.475110376829182,0.0,1.0613662460200957,3.31718078609744,0.4088540410380631,0
5,134.97753426573615,-32.990865262520614,0.0,0.0,146.28917571461076,28.335046233372644,86.63300422787522,1015.9827110460099,0,0.0,23.332831606807712,coastal,loam,0.38246199126716274,19.475110376829182,0.0,1.3864352033174083,10.138386358354243,0.4919273666575294,0
5,146.52223950161294,-48.51413548317941,0.0,0.0,197.34292899706082,24.760652577697286,36.29962625935467,1014.2132728274563,0,0.0,23.332831606807712,coastal,loam,0.38246199126716274,19.475110376829182,0.0,-2.052161688391249,1.9071280876717098,0.39396758338973137,0
5,156.3128074341485,-57.028966326507145,10.157366840047752,0.0,176.37815874401505,32.830149045354304,81.8571541935595,1000.8983949701911,0,0.0,23.332831606807712,coastal,loam,0.38246199126716274,19.475110376829182,23.588808523709265,-2.537383953686346,8.93298511963348,0.4990741965528312,0
5,148.48110393313235,-48.06377696663252,3.699879688629051,0.0,199.3705247534145,10.348725467297786,72.71272453898277,1006.0397983839905,0,0.0,23.332831606807712,coastal,loam,0.38246199126716274,19.475110376829182,21.955845570277177,-1.5231757300724398,1.5300697717870442,0.44566161689730105,0
5,148.28345748416083,-43.20267528879797,0.0,0.0,156.7655105044689,10.661172564941687,51.81121811028271,1030.0042929645908,1,0.0,23.332831606807712,coastal,loam,0.38246199126716274,19.475110376829182,0.0,2.2393755571067624,1.4152658112932688,0.3961144327811615,0
5,147.83929000108182,-47.817099560442664,0.0,0.0,194.7360755585643,31.035993998906118,70.15014810225841,1015.0222587459197,0,0.0,23.332831606807712,coastal,loam,0.38246199126716274,19.475110376829182,0.0,-1.3713498351802604,4.101491872544823,0.4408509709488676,0
5,145.1692263208843,-47.21573276763546,3.779340552029447,0.0,143.80339586909437,10.729266714351862,69.3316054454148,986.2543287184586,0,0.0,23.332831606807712,coastal,loam,0.38246199126716274,19.475110376829182,21.61382457688346,1.2328442096294674,2.1256662335686074,0.4408450898223106,0
5,147.32041879593464,-48.81533010385107,0.0,0.0,200.2281797204853,13.148516026187515,88.70133795820513,998.9713384279214,0,0.0,23.332831606807712,coastal,loam,0.38246199126716274,19.475110376829182,0.0,2.4358542839490305,2.399984971675188,0.4728488299581521,0
5,144.36691254639862,-41.42374238125883,0.0,0.0,196.13477947076498,30.539442294020947,66.0417924308761,1020.0723137380428,0,0.0,23.332831606807712,coastal,loam,0.38246199126716274,19.475110376829182,0.0,1.4576372753192726,2.9627765396438437,0.42921811360740003,0
5,156.04846895156302,-56.987997880237295,0.0,0.0,148.54219991427698,17.048238793789018,64.50583722875092,1024.5600666945113,0,0.0,23.332831606807712,coastal,loam,0.38246199126716274,19.475110376829182,0.0,-0.730365232587469,2.516218276508406,0.42480652841374333,0
5,153.30432345965852,-53.09724715176017,0.0,1.8003412319127567,132.170876256397,20.925843136244268,55.797810550787574,1010.3996374981956,0,0.0,23.332831606807712,coastal,loam,0.38246199126716274,19.475110376829182,0.0,-1.0085960316252465,3.0391194630781215,0.4116596904653949,0
5,147.9418899765434,-53.29325927461586,0.0,4.474867678448215,166.27016204233675,34.388183225522546,51.660713135797295,1003.0491503211216,0,0.0,23.332831606807712,coastal,loam,0.38246199126716274,19.475110376829182,0.0,1.8360629373599724,3.4353353481805984,0.408585932960525,0
5,159.87454584036794,-60.189388507914764,17.79618604257094,13.132015819902872,171.0384027068691,21.362068323883918,43.60370449945779,1019.0093838071173,0,0.0,23.332831606807712,coastal,loam,0.38246199126716274,19.475110376829182,54.14926601444426,-1.8275867031670427,10.646635255846114,0.4754765007092508,0
5,144.1942786348075,-44.47877549208706,3.4294311852911075,0.0,174.44083409746264,16.34106185853439,44.8240180985013,1017.106745854198,0,0.0,23.332831606807712,coastal,loam,0.38246199126716274,19.475110376829182,19.292603854898513,-1.520727282432261,1.9680579101650497,0.40100923522779364,0
5,141.97681252729606,-41.70670619567161,0.0,0.0,181.4483788097442,20.34815145131472,47.553800296601125,997.0443275377777,0,0.0,23.332831606807712,coastal,loam,0.38246199126716274,19.475110376829182,0.0,1.105810457198963,4.682960031218211,0.4022950792203709,0
5,148.6281104529069,-46.45845497259468,0.0,0.0,212.40326550414255,13.540283765447484,71.78417040302297,1006.1488402035727,0,0.0,23.332831606807712,coastal,loam,0.38246199126716274,19.475110376829182,0.0,1.6663155332588693,3.151246475022181,0.44126827935782875,0
5,152.56706620815072,-57.98215391891308,3.386521312793662,0.0,133.67358443203216,31.831358917291816,75.81922362753684,1003.7593719265893,0,0.0,23.332831606807712,coastal,loam,0.38246199126716274,19.475110376829182,21.0544050636161,0.2875292862171699,0.4235521643142676,0.44792834550032,0
5,156.74256506271044,-56.39347894280424,9.908669384926931,0.0,198.70165949081675,13.375953417013687,60.46235640476504,1013.8134888334677,0,0.0,23.332831606807712,coastal,loam,0.38246199126716274,19.475110376829182,125.26144236277698,0.032249575800944875,0.7165315250000186,0.4311378452811003,0
5,141.6856185999504,-45.239269923102455,0.0,2.4972810909697505,190.8706910332485,10.010257235979372,68.75187351115449,1003.3362090620793,0,0.0,23.332831606807712,coastal,loam,0.38246199126716274,19.475110376829182,0.0,2.624168832214452,4.680512175984755,0.44353740431343414,0
5,139.68418439254566,-41.33185813182797,0.0,0.0,159.44128619129938,13.919073689982365,57.71639367197824,1011.531464787447,0,0.0,23.332831606807712,coastal,loam,0.38246199126716274,19.475110376829182,0.0,1.3693224610874903,5.349567177054859,0.4197276880018373,0
5,152.50498202539885,-51.93547283862771,0.0,0.0,206.56155912629572,21.769059809690074,87.07748780407059,1017.6082486540387,0,0.0,23.332831606807712,coastal,loam,0.38246199126716274,19.475110376829182,0.0,-2.127987233131107,8.305469559483573,0.48731758341330816,0
5,142.83773892128664,-40.44340286679093,0.0,1.4317520405659125,182.2112727933339,20.329861970069942,56.36526036660375,1010.7652749476306,0,0.0,23.332831606807712,coastal,loam,0.38246199126716274,19.475110376829182,0.0,1.2298892780627562,2.5484153862116448,0.4107695940794076,0
5,146.78627160658175,-45.30718119218987,0.0,0.0,209.76363888078436,32.49773858386679,59.13045676898513,1023.361977510121,0,0.0,23.332831606807712,coastal,loam,0.38246199126716274,19.475110376829182,0.0,-2.002629308395934,4.6109445271581375,0.42033994624616094,0
5,141.28456548362502,-40.24812758273419,0.96166189683383,0.0,194.440837886451,32.125383113681465,44.399264873653856,1011.2048542512752,0,0.0,23.332831606807712,coastal,loam,0.38246199126716274,19.475110376829182,6.509746469747783,0.15928537978779353,8.002475329055288,0.4141769489075498,0
5,149.43213226492895,-49.8230775521009,0.0,0.0,151.64658263383652,23.013013341037862,72.59990796512446,1029.6725684174953,0,0.0,23.332831606807712,coastal,loam,0.38246199126716274,19.475110376829182,0.0,-0.3336758228095215,5.945110296129922,0.45128134594535496,0
5,139.84905828171853,-38.20492612565347,0.0,0.0,208.94747481210067,34.82909347333696,36.895983246616886,1016.2403644270653,0,0.0,23.332831606807712,coastal,loam,0.38246199126716274,19.475110376829182,0.0,0.021272536697362305,6.68001446217464,0.4082862425132402,0
5,137.91882512476826,-36.49035215938041,0.2898671674933059,16.822977657449464,138.80003953831792,10.869979996708754,56.60122229605082,1020.0648476058145,0,0.0,23.332831606807712,coastal,loam,0.38246199126716274,19.475110376829182,1.7320587930447906,4.498875168392581,4.538067666165408,0.4408770475384749,0
5,143.9228047939689,-41.46139898399997,0.0,0.0,161.96012231647396,21.003019274623405,35.92392704083097,1003.9309712527794,0,0.0,23.332831606807712,coastal,loam,0.38246199126716274,19.475110376829182,0.0,-2.8482448233158757,2.2820159142005374,0.3950922468693179,0
5,141.14640505206103,-45.36018328131319,0.0,0.0,205.835063704262,20.843092570785526,56.78608462611504,1014.7852916972048,0,0.0,23.332831606807712,coastal,loam,0.38246199126716274,19.475110376829182,0.0,3.5324797205988117,2.509938286944165,0.40934818323977884,0
5,149.07984646303572,-50.274804179084526,0.0,0.0,149.38130940552188,13.59219062960532,76.14564977322601,1012.8770155069194,0,0.0,23.332831606807712,coastal,loam,0.38246199126716274,19.475110376829182,0.0,-0.9699088535965257,2.3075902318905657,0.44746026936884,0
5,149.97388673359387,-53.514849009146026,0.0,0.0,135.39858498227136,20.700483810991095,72.78844592270022,1010.4199146380239,0,0.0,23.332831606807712,coastal,loam,0.38246199126716274,19.475110376829182,0.0,0.8867959012721135,0.5065514161062589,0.4353427452204355,0
5,157.98307242489824,-59.970258432761135,0.0,0.0,167.58321614800332,28.601236280714446,62.70924846689254,1005.4513380342808,0,0.0,23.332831606807712,coastal,loam,0.38246199126716274,19.475110376829182,0.0,1.9485245261729038,6.2477795136974015,0.43240803460159355,0
5,155.00023241721027,-54.486730819886695,0.0,0.0,192.93976831171318,15.501656369617294,55.25452462039273,1023.3065980824156,0,0.0,23.332831606807712,coastal,loam,0.38246199126716274,19.475110376829182,0.0,-1.2062951340273886,5.97268753518126,0.4166733109730455,0
5,148.08851897976996,-49.55548311312652,0.0,0.0,216.17682124557356,19.777306103705513,35.19886138178906,996.7268827205269,0,0.0,23.332831606807712,coastal,loam,0.38246199126716274,19.475110376829182,0.0,-3.2014743118890845,9.540239702847899,0.41686691823525995,0
5,150.38763235374003,-43.32952197859906,0.0,0.0,133.92483193325543,33.945882611212575,85.5501351048693,1017.4982721372651,0,0.0,23.332831606807712,coastal,loam,0.38246199126716274,19.475110376829182,0.0,-0.7985642861710036,0.03376202577569981,0.45944775541378197,0
5,150.06747151119782,-49.95746563913107,0.0,2.040409387038355,156.8135333413229,14.253816028612922,46.556832529740674,1008.3381138805378,0,0.0,23.332831606807712,coastal,loam,0.38246199126716274,19.475110376829182,0.0,-1.3730775063075378,5.81688027581775,0.408757454034727,0
5,143.18018741486935,-41.567490592719494,0.0,0.0,166.70814945423155,28.305947852307188,35.70523941802364,1032.0502308353541,0,0.0,23.332831606807712,coastal,loam,0.38246199126716274,19.475110376829182,0.0,0.8647054284006799,3.585909503612357,0.3990039276375533,0
5,140.16475467582734,-40.714044372951015,0.0,0.0,193.95193032825713,16.456608947179088,61.251100931682274,1013.1957676209017,1,0.0,23.332831606807712,coastal,loam,0.38246199126716274,19.475110376829182,0.0,2.893126582502735,2.299296311575701,0.4176462899248079,0
5,144.0822528503531,-44.71783327817771,0.0,0.0,182.86358901159824,27.732857370087086,68.1018530157422,1009.8643588702944,0,0.0,23.332831606807712,coastal,loam,0.38246199126716274,19.475110376829182,0.0,-0.7355690531421104,3.5126665696692783,0.43498790486720845,0
5,140.23875032667524,-43.44905318703523,0.0,0.0,189.557125641831,22.788404855869793,91.3317391152035,1000.4839334302769,0,0.0,23.332831606807712,coastal,loam,0.38246199126716274,19.475110376829182,0.0,2.2333625501350447,1.160473189642686,0.4743910969260513,0
5,146.48371173636596,-46.23676710734888,0.0,0.0,209.87305684863713,21.757405567289368,31.88478838183662,1032.441077035255,0,0.0,23.332831606807712,coastal,loam,0.38246199126716274,19.475110376829182,0.0,3.824010938105395,5.820300762929688,0.4057071014155053,0
5,146.83191145639393,-46.30541961294076,0.0,0.0,182.29992578083235,18.75591535817692,89.61140283616663,1030.0920715435295,0,0.0,23.332831606807712,coastal,loam,0.38246199126716274,19.475110376829182,0.0,-0.5537787115376072,3.3586039462903865,0.4775448166379207,0
5,147.38680354501247,-50.14355248965384,0.0,0.0,198.71484560995125,27.242538371546715,77.11660548269222,1012.3877062479802,0,0.0,23.332831606807712,coastal,loam,0.38246199126716274,19.475110376829182,0.0,1.538063310884551,2.6369453081981,0.45039024601669503,0
5,156.0685222200198,-59.62388414476019,7.941892875214988,21.124251732646357,177.99039480977947,25.669595426296116,71.47021028905613,1010.6627594214827,0,0.0,23.332831606807712,coastal,loam,0.38246199126716274,19.475110376829182,67.35155798286368,1.7456341663566688,3.660404757165112,0.4897379973257234,0
5,147.5868201231572,-49.29468594007731,2.120856065825606,0.0,174.34156817264693,23.176773462836458,32.48318094423042,1013.5519924253009,0,0.0,23.332831606807712,coastal,loam,0.38246199126716274,19.475110376829182,7.918122867353683,3.2432951919026425,8.170705044427457,0.41700002639164985,0
5,138.5129037095467,-39.57665921012535,0.0,15.473508860332325,125.21989965677004,32.33836458746092,55.30231579258814,1003.1767572772322,0,0.0,23.332831606807712,coastal,loam,0.38246199126716274,19.475110376829182,0.0,1.5327769531447988,2.0694747113742844,0.42826951813651387,0
5,174.34607284211233,-77.39074147867582,29.709700261258323,0.0,173.72772278775267,18.48008578179795,50.97444096005832,1007.4489077207165,0,0.0,23.332831606807712,coastal,loam,0.38246199126716274,19.475110376829182,183.58361216805062,-0.8980072407430666,3.3681818285431158,0.45971902705497886,0
5,143.98160019483262,-44.03636883564011,0.0,0.0,191.17100703003933,24.283488211326926,34.3387665652992,1019.8695663209868,0,0.0,23.332831606807712,coastal,loam,0.38246199126716274,19.475110376829182,0.0,-0.2640077057085445,3.941095523581586,0.40006948569746104,0
5,151.36252578221868,-53.23611625213745,0.0,15.691509120506508,181.11623491306776,23.8356925196767,30.740328425755933,1024.7994213003847,0,0.0,23.332831606807712,coastal,loam,0.38246199126716274,19.475110376829182,0.0,0.6858527546426851,6.217345641729818,0.4304354997326655,0
5,142.3492877380599,-44.564993377172925,0.0,0.0,133.09044318102096,34.442820320637495,37.0150960727246,1010.8459387202901,0,0.0,23.332831606807712,coastal,loam,0.38246199126716274,19.475110376829182,0.0,-0.9537529212876713,8.385579350934355,0.4134029371795193,0
5,138.92872967864173,-40.982760855098284,0.0,0.0,145.42970354804106,19.17394579542488,35.453367440879106,1040.229486877243,0,0.0,23.332831606807712,coastal,loam,0.38246199126716274,19.475110376829182,0.0,0.20529105707932885,1.4889807811198008,0.3927131414700757,0
5,145.11380801386287,-42.93890091247454,0.0,0.0,173.67501489279528,12.863321708158706,94.80438268281583,993.6837602282312,0,0.0,23.332831606807712,coastal,loam,0.38246199126716274,19.475110376829182,0.0,2.122512517024236,2.166947833430766,0.4843558079926402,0
5,142.4938462857087,-41.85855354768744,0.0,0.0,131.0471872061871,17.90730871814061,93.44458809207379,1019.9606541707705,0,0.0,23.332831606807712,coastal,loam,0.38246199126716274,19.475110376829182,0.0,2.684360262489708,9.670438727297885,0.5041466914927575,1
5,153.5725993915371,-50.952869052670025,13.537402986754959,0.0,212.97390651498625,31.478258993780834,44.843114921625094,1011.1544855781406,0,0.0,23.332831606807712,coastal,loam,0.38246199126716274,19.475110376829182,68.21057201184958,0.821980405755001,2.636432698459749,0.42323030319560545,0
5,129.2283518987099,-28.437154229184003,0.0,0.0,129.67626486530546,32.16473990422366,78.85918485704252,996.1912954076188,0,0.0,23.332831606807712,coastal,loam,0.38246199126716274,19.475110376829182,0.0,1.6560208123269446,3.5076922917919977,0.45648764571617734,0
5,155.13690463441895,-57.33987214837287,8.451212859785706,5.9926971393643935,130.3295676148644,19.976011301207603,93.69443813085472,1009.3739716632031,0,0.0,23.332831606807712,coastal,loam,0.38246199126716274,19.475110376829182,70.06413106939407,-0.04417262998315476,3.9075223163697173,0.5132491137661528,1
5,150.5844600040388,-49.2104385851424,6.5854633711548844,5.880394656545188,189.1246029314708,13.3854712454457,48.93409356835784,994.0857610815009,0,0.0,23.332831606807712,coastal,loam,0.38246199126716274,19.475110376829182,27.22243891747206,0.40316022839918575,0.4942972250550991,0.4117206095290091,0
5,135.0069198034354,-30.763657188775003,0.0,64.02144214018213,211.6687273144077,31.553823957328046,87.79348482081579,992.7496008632382,0,0.0,23.332831606807712,coastal,loam,0.38246199126716274,19.475110376829182,0.0,0.9003112678932953,0.5217922471904326,0.5614307087201923,1
5,153.20817717517667,-51.69057530722513,0.0,0.0,195.2736039950588,23.805557004346163,72.96329834222892,1029.735268417176,0,0.0,23.332831606807712,coastal,loam,0.38246199126716274,19.475110376829182,0.0,-2.581884438986448,2.0348718318668557,0.44027741130677467,0
5,149.53995364427792,-46.429556575983234,6.775487481544955,0.0,171.6280422955494,23.58674674953408,62.31499803238666,995.607948478272,0,0.0,23.332831606807712,coastal,loam,0.38246199126716274,19.475110376829182,24.017984916908468,3.2786077667381925,5.393595254015075,0.4426079559166248,0
5,146.55900510050157,-45.10541700769796,0.0,25.76046660884401,203.1418305630604,14.304856685643857,47.61260851162927,1025.8638213699553,0,0.0,23.332831606807712,coastal,loam,0.38246199126716274,19.475110376829182,0.0,-1.7076461750087542,3.215916710135152,0.43653464917038776,0
5,146.79283380922004,-44.03761891487143,0.0,0.0,127.85878702478,26.90354471503643,75.63631724466691,1012.2366919995923,0,0.0,23.332831606807712,coastal,loam,0.38246199126716274,19.475110376829182,0.0,1.4383373327108744,9.098858936562987,0.46681541042573904,0
5,148.26220037621133,-43.357460550473874,3.921910168680457,13.1207066441201,208.7340426221399,33.54978617209679,34.18074950758293,1013.1188043451779,0,0.0,23.332831606807712,coastal,loam,0.38246199126716274,19.475110376829182,27.120276098123327,1.747979502013765,0.39219623041835044,0.41694766812151235,0
5,147.6123290432215,-49.280871729357436,1.0037436761296614,39.33491676842487,157.22577888350068,32.25756392783801,54.95667812709322,1015.361424098791,0,0.0,23.332831606807712,coastal,loam,0.38246199126716274,19.475110376829182,4.06539823940245,-0.1651851507025809,3.849843656676113,0.47071894885582766,0
5,159.74361332021292,-59.8219013741496,4.067718927717199,18.257689781989395,166.3726714875095,32.8721537530376,61.797773668740014,1002.4350292937474,0,0.0,23.332831606807712,coastal,loam,0.38246199126716274,19.475110376829182,20.41282987273361,0.24448600909413243,2.0948172276061734,0.4536481706754333,0
5,150.47648523515537,-51.96420401340119,0.0,0.0,195.09572948560373,13.242656449750672,59.49399441627298,1005.3105837510608,0,0.0,23.332831606807712,coastal,loam,0.38246199126716274,19.475110376829182,0.0,-2.100373074723339,4.861491223674173,0.42181866163028475,0
5,140.29442202064595,-42.528153964511844,0.0,0.0,189.46090234534734,18.404133464489497,48.86843902545942,1015.7891236508194,0,0.0,23.332831606807712,coastal,loam,0.38246199126716274,19.475110376829182,0.0,1.2706583904324125,0.5883365109642668,0.3900112086596091,0
5,148.62914191533312,-47.21395827138388,0.8470465767086436,0.0,138.80080274172278,22.800584727718984,65.67471411357579,1017.0813591277836,0,0.0,23.332831606807712,coastal,loam,0.38246199126716274,19.475110376829182,8.846833638861337,-0.5428101203289935,2.319739847422041,0.4282489400495513,0
5,145.42366994097958,-43.00232083589518,0.0,0.0,190.7128197459502,14.1183502221931,52.83813575257024,1017.119529990618,0,0.0,23.332831606807712,coastal,loam,0.38246199126716274,19.475110376829182,0.0,1.7254098439800338,10.315059057504076,0.424867647804369,0
5,142.81908991028368,-40.4613580362098,0.0,0.0,206.26774421991848,25.40560629017382,57.8671342138463,1021.6406998213895,0,0.0,23.332831606807712,coastal,loam,0.38246199126716274,19.475110376829182,0.0,-1.2341564184208742,5.550943990762117,0.4206332995266952,0
5,155.54578086289374,-52.5003582643014,13.324384541551183,0.0,180.63113506109087,34.40034813996985,50.189063140696426,1027.9846732413705,0,0.0,23.332831606807712,coastal,loam,0.38246199126716274,19.475110376829182,75.33036431340548,0.9285024762460071,3.045677595267568,0.42441012727701416,0
5,147.20563980089764,-45.403226239913025,0.0,0.0,124.22658193431083,29.702973498630474,84.30660011681425,1009.5785343687654,0,0.0,23.332831606807712,coastal,loam,0.38246199126716274,19.475110376829182,0.0,2.5655899376779607,0.3900370923942875,0.4580295106375276,0
5,142.23525155905614,-43.997880883701626,0.0,23.50665188579059,175.4111455320394,29.51963708413691,42.46527478908861,1018.4002419698925,0,0.0,23.332831606807712,coastal,loam,0.38246199126716274,19.475110376829182,0.0,1.6324437451143843,5.2928413912826136,0.43938470112925,0
5,143.45593347826062,-42.057004984469216,0.0,0.0,205.44605713948067,32.81212635575921,47.288314202517284,1024.7998852968979,0,0.0,23.332831606807712,coastal,loam,0.38246199126716274,19.475110376829182,0.0,-1.541574806080553,7.17204022517414,0.4097623198022387,0
5,145.2338416971398,-45.72960193529713,0.0,5.222172618149685,173.22657780035226,17.52297682913547,40.86373046650497,1012.8953487094727,0,0.0,23.332831606807712,coastal,loam,0.38246199126716274,19.475110376829182,0.0,0.07942764343926936,7.114384539057772,0.4174226116711141,0
5,151.14347219999453,-49.57872665941021,0.0,0.0,177.12188308674385,16.610107448241134,64.29558969451601,1003.1126268158018,0,0.0,23.332831606807712,coastal,loam,0.38246199126716274,19.475110376829182,0.0,-3.5612513458149784,7.513671631527941,0.43937839341033214,0
5,164.22875150064945,-65.19661839055192,13.422406715139738,3.139907580480496,187.5962206250212,17.26607423266328,49.33702354952344,1010.4552392335465,0,0.0,23.332831606807712,coastal,loam,0.38246199126716274,19.475110376829182,57.63353843364766,-1.2335507230394154,6.739978921835844,0.4400208106932241,0
5,140.4990260488184,-38.13589977505421,0.0,2.3739154014231802,135.48721993401912,31.48586457083877,46.65657005278972,993.9951029398226,0,0.0,23.332831606807712,coastal,loam,0.38246199126716274,19.475110376829182,0.0,2.57776000410369,5.5529367934502165,0.4084658826092017,0
5,144.85672822265505,-41.39608459294071,0.0,0.0,186.45221547280082,32.09994442177967,43.45410969500777,1014.9540322128332,0,0.0,23.332831606807712,coastal,loam,0.38246199126716274,19.475110376829182,0.0,-0.7205536937539518,3.1126567196859694,0.39758416928577417,0
5,143.64435820768145,-44.899199676534195,0.0,14.66265686941185,116.83963955536584,14.657919412963338,36.48220325046891,1017.6107803229644,0,0.0,23.332831606807712,coastal,loam,0.38246199126716274,19.475110376829182,0.0,-2.118423416745804,2.501305082933378,0.41774409967963416,0
5,143.2260009993809,-49.65811539789516,0.0,0.0,168.82876060241057,28.400434209133397,66.19488685374657,1012.1160008320593,0,0.0,23.332831606807712,coastal,loam,0.38246199126716274,19.475110376829182,0.0,0.4109113740726057,3.8780330230119557,0.43227007190324523,0
5,146.13263656446546,-48.57120933611758,0.0,14.663406646985667,135.49611845121893,21.735871553851098,76.8209895711064,1013.6108617259831,0,0.0,23.332831606807712,coastal,loam,0.38246199126716274,19.475110376829182,0.0,1.2219286884932863,0.7679956762708319,0.46618727526822007,0
5,144.96789716859377,-46.54943900676447,0.0,0.0,161.11643804159863,25.856077274438565,80.34103225293892,1008.9662025403131,0,0.0,23.332831606807712,coastal,loam,0.38246199126716274,19.475110376829182,0.0,-2.5710090460558046,6.512887394767686,0.46846692581689714,0
5,141.65311541129591,-42.2749904439981,0.0,0.0,212.53345449833049,28.33403786830234,71.43742219072061,1012.6007353662663,0,0.0,23.332831606807712,coastal,loam,0.38246199126716274,19.475110376829182,0.0,3.857687928043513,0.23264232966854315,0.4318189704971631,0
5,147.04396387689056,-43.20944558003831,0.0,33.24547444795535,166.7444126771782,30.618079101923005,56.14016481985789,1001.4583661522046,0,0.0,23.332831606807712,coastal,loam,0.38246199126716274,19.475110376829182,0.0,-3.065367941847468,5.642953365485173,0.4673236005348205,0
5,160.72830399077114,-64.17045903269208,19.99383560658692,0.0,196.73828363931318,22.75532291195305,38.31023290457536,1000.7500011133995,0,0.0,23.332831606807712,coastal,loam,0.38246199126716274,19.475110376829182,55.723470191104916,-0.08496824508564098,11.788459470215447,0.4635992487505365,0
5,142.52378310934884,-45.38159232237229,0.0,10.203736276405134,137.15955135745182,28.43069193124567,75.48135001503192,1019.6724514742924,0,0.0,23.332831606807712,coastal,loam,0.38246199126716274,19.475110376829182,0.0,0.792733912934702,0.8487388398533086,0.4570607200909478,0
5,143.66879310694029,-43.87276641612764,1.7269326290845357,0.0,149.86869759429786,24.8838930627578,86.69329438492818,1006.3916576418985,0,0.0,23.332831606807712,coastal,loam,0.38246199126716274,19.475110376829182,6.900424164881371,-1.2812644602719245,1.5870913675189566,0.4698479272572986,0
5,140.84513675226322,-42.12011162191324,0.0,0.0,167.24000203828933,18.041561784868676,38.59051553912654,1012.511701640663,0,0.0,23.332831606807712,coastal,loam,0.38246199126716274,19.475110376829182,0.0,4.877713413158503,4.174142505962266,0.40076862664460305,0
5,141.32207450896587,-42.331341993544335,0.0,0.0,173.5109892229101,33.62368552053761,42.712092061598995,1005.6814269158411,0,0.0,23.332831606807712,coastal,loam,0.38246199126716274,19.475110376829182,0.0,-1.7210145022004317,4.4392785373860315,0.40156403473887436,0
5,150.6980817511752,-52.40488069925343,0.0,0.0,187.28422534474308,19.698804216372302,40.39436092656829,1020.0433620985408,0,0.0,23.332831606807712,coastal,loam,0.38246199126716274,19.475110376829182,0.0,0.02636052177337884,3.8435913025918267,0.3997769730344917,0
5,143.12048721476768,-43.10503142841631,0.0,0.0,162.10603752842354,17.13812679288349,49.37276398143813,1007.4743065388114,0,0.0,23.332831606807712,coastal,loam,0.38246199126716274,19.475110376829182,0.0,-4.10574884069847,5.904179584960677,0.4059587378815983,0
5,143.2869045439409,-42.698119025668476,9.128982604957846,22.761958236503975,138.13991380388504,27.89088876394406,82.00353651683915,1029.7196296007328,0,0.0,23.332831606807712,coastal,loam,0.38246199126716274,19.475110376829182,11.25131342358704,-4.101599711988296,3.4115553610356524,0.5148888408081732,1
5,147.00506895140597,-47.585031660279256,0.0,0.0,167.01655946531235,15.37713071962732,47.67094723718452,1005.575132222304,0,0.0,23.332831606807712,coastal,loam,0.38246199126716274,19.475110376829182,0.0,3.595467681154716,1.581677723700323,0.39299123229781724,0
5,144.01765830334585,-45.07378052939733,2.475992010025824,20.571375553376768,177.7760561325417,27.159165164466987,31.193122084644216,1029.5274895581688,0,0.0,23.332831606807712,coastal,loam,0.38246199126716274,19.475110376829182,3.0876509935865175,-2.2628112202700748,4.436911820705669,0.4373659819389501,0
5,142.04825749355186,-40.059141022068616,0.0,0.0,194.4455913336368,15.54118286543898,47.51685325866862,1010.0030394333569,0,0.4398069464083531,23.332831606807712,coastal,loam,0.38246199126716274,19.475110376829182,0.0,-0.4946719277928363,1.6661526749501088,0.3932446571515666,0
5,148.0805812158173,-49.40063751363878,0.0,0.0,197.0263761658915,21.621245092601306,64.93900151319815,1007.946551077997,1,0.0,23.332831606807712,coastal,loam,0.38246199126716274,19.475110376829182,0.0,-2.5711982281055445,8.079232354834161,0.44236189921761504,0
5,145.67790176225273,-44.253521925246176,0.0,0.0,167.35030781637812,10.500293090719369,46.43557361956633,1014.4986709138777,0,0.0,23.332831606807712,coastal,loam,0.38246199126716274,19.475110376829182,0.0,5.420663288669786,2.5993550905095573,0.3960442643982449,0
5,159.24660408528592,-59.527711056290784,12.709482704198846,0.0,185.01936482263883,23.997079139424596,81.32878489652913,1018.994506863217,0,0.0,23.332831606807712,coastal,loam,0.38246199126716274,19.475110376829182,102.531843182707,-2.003243730980796,0.43479851018584714,0.47762712985872974,0
6,58.56330320263227,44.70315583040761,1.8373962554500172,0.0,64.36157229529674,28.781827923443647,74.10360951648693,1006.6942183768368,0,0.0,491.61544290339407,urban,loam,0.6803075385877797,9.335257864959598,24.179072723496457,5.197645800149164,8.620309054340177,0.2642245091506656,0
6,66.95901185090217,32.63227669580653,16.777794381940385,24.991344241176286,72.41436368329532,34.78985589160417,49.112581152599944,1017.4414517108726,0,0.0,491.61544290339407,urban,loam,0.6803075385877797,9.335257864959598,56.881686184543575,-0.7722255521722833,5.0761044590715265,0.2897337466765153,0
6,62.76824638492552,37.34645615503384,0.0,0.0,44.1821588377948,24.013483810419274,51.58480290354833,1015.186114865347,0,0.0,491.61544290339407,urban,loam,0.6803075385877797,9.335257864959598,0.0,-2.6809772827328735,1.599131389443781,0.20295353729090637,0
6,54.31713910395615,42.01544936078498,2.092800375396866,0.0,44.55845128443866,11.454193968023118,54.19594418709464,1006.2011146026381,0,0.0,491.61544290339407,urban,loam,0.6803075385877797,9.335257864959598,10.32826399340925,-3.9460299999696797,4.8208938669171255,0.20493340039402375,0
6,55.84720614383898,44.79190205860077,0.7416685187786796,0.0,67.27990510383867,12.106763979519139,82.77101048911797,1018.0279729452558,0,0.0,491.61544290339407,urban,loam,0.6803075385877797,9.335257864959598,1.5822423451478502,1.925005183906597,5.827974475720641,0.2654972424599326,0
6,51.80760547231258,47.75053107780819,0.7133736541999762,7.4508758435510725,71.90662719548382,10.006021862946662,40.95345182484697,1001.5029252710259,0,0.0,491.61544290339407,urban,loam,0.6803075385877797,9.335257864959598,3.9365319207626994,0.4354364021743332,4.123251701453437,0.19779023400415213,0
6,43.27243600558873,55.72788479960794,0.0,11.386442739575305,44.66410835403669,21.12546709313388,94.96783733105357,1022.8608389147771,0,0.0,491.61544290339407,urban,loam,0.6803075385877797,9.335257864959598,0.0,-0.4393920484328989,1.5998826467551222,0.26736907173830626,0
6,48.42362831264021,50.923076560982565,0.0,20.747518708752843,75.29377242020458,11.34745725984472,30.791689302075195,1009.924285828842,0,0.0,491.61544290339407,urban,loam,0.6803075385877797,9.335257864959598,0.0,-2.4120447428162377,4.429853669488884,0.21038378542921876,0
6,54.62442666870743,39.69789266972619,0.0,0.0,47.353640428413364,18.73685298831564,78.21742089100118,1028.7513732108791,0,0.0,491.61544290339407,urban,loam,0.6803075385877797,9.335257864959598,0.0,3.0536253271545304,9.512791026147799,0.2634879679227497,0
6,49.22429315666332,56.748365594489535,0.0,0.0,68.45836964946993,13.397153753189855,34.330819896674356,1018.1906953937222,1,0.0,491.61544290339407,urban,loam,0.6803075385877797,9.335257864959598,0.0,-2.6401543754746033,1.1937630103171717,0.17117366939244677,0
6,44.598056354042065,58.003974971267354,0.0,30.64959102626782,61.53491403291522,18.119972884509014,49.070328912893594,1021.8613815349413,0,0.0,491.61544290339407,urban,loam,0.6803075385877797,9.335257864959598,0.0,-0.6639889177601522,10.047700275857334,0.23435278749189165,0
6,52.34792905233887,48.80228658964067,1.701503411177492,0.0,47.71369222826096,25.181666752537197,60.980570433060876,1000.365968374544,0,0.0,491.61544290339407,urban,loam,0.6803075385877797,9.335257864959598,9.517232382490416,1.5456956770874464,3.9157994388850534,0.21102182857369284,0
6,63.67407285112597,37.410333162692126,19.519884433064263,0.0,50.02783060160286,12.52017992847713,46.913738915823984,1013.022316221624,0,0.0,491.61544290339407,urban,loam,0.6803075385877797,9.335257864959598,121.10192929389768,0.6014980343615909,3.837950384749798,0.24737229245696607,0
6,45.39408473959401,57.18432136321974,0.0,0.0,44.94918117196126,33.04889075331876,39.150079755128864,1019.0073301514559,0,0.0,491.61544290339407,urban,loam,0.6803075385877797,9.335257864959598,0.0,-2.6689081623058324,2.972919023877787,0.16876411344572176,0
6,50.80367169091305,51.916664570742974,0.0,0.0,58.60114404311658,21.190596816638124,80.38740000410388,1021.4958453104662,0,0.0,491.61544290339407,urban,loam,0.6803075385877797,9.335257864959598,0.0,0.17721278144949715,2.4615939748951754,0.2389464316437589,0
6,53.7347400151426,44.38245364685335,0.0,0.0,73.68291558146714,33.408568834955695,82.47911108651181,1021.0557470280618,0,0.0,491.61544290339407,urban,loam,0.6803075385877797,9.335257864959598,0.0,-1.7210931450972575,3.26838526874029,0.2514786404927505,0
6,58.43710824919282,45.7617067918122,0.0,0.0,63.491178499575845,27.904346923910765,57.08868894056346,1034.5912115460328,0,0.0,491.61544290339407,urban,loam,0.6803075385877797,9.335257864959598,0.0,-0.8039729822722702,5.316415048852468,0.2163529500943514,0
6,75.96829793388352,20.511177064956463,18.10323258261699,0.0,76.5059721080737,25.43893283024046,93.79202191918816,1021.0558047453072,0,0.0,491.61544290339407,urban,loam,0.6803075385877797,9.335257864959598,66.53312733359584,0.17102665927919805,8.578541593190646,0.3712112485256901,0
6,49.06264848413975,49.471549898876695,0.0,0.0,45.05059690588463,25.31482020689691,36.12367363481209,1012.8225330758161,0,0.0,491.61544290339407,urban,loam,0.6803075385877797,9.335257864959598,0.0,0.6495164790670835,2.902838435178074,0.17597395127677232,0
6,51.53266281864985,51.12765589205961,0.0,75.54289787666919,49.74599753384953,25.598639369034707,59.9208903537309,1023.9558600027431,0,0.0,491.61544290339407,urban,loam,0.6803075385877797,9.335257864959598,0.0,1.7368886211918633,9.639064987192858,0.3343346381085701,0
6,51.51178510072339,47.48091437852542,0.0,22.699558055767646,69.6991151821643,22.982002059881786,85.76687645115186,1020.147317275177,0,0.0,491.61544290339407,urban,loam,0.6803075385877797,9.335257864959598,0.0,-0.22712512958090297,0.27926091326405433,0.27863996083574494,0
6,53.40890964822608,45.110625846676506,3.4582759019474354,0.0,55.50961120503893,32.88692203045829,38.164825728819636,1022.7784756465433,0,0.0,491.61544290339407,urban,loam,0.6803075385877797,9.335257864959598,32.29993151150012,2.5115323505371174,14.083054000086342,0.22522194803682832,0
6,43.551305124908566,56.61451858143551,0.0,19.506889016971606,65.91502013281097,21.762517977242055,55.21340438186244,1028.019529651886,0,0.0,491.61544290339407,urban,loam,0.6803075385877797,9.335257864959598,0.0,-0.4046778137401751,0.9162262160464096,0.19855394988042957,0
6,50.37481375355849,50.36638307440193,0.0,3.374581377260087,49.81324034670614,23.031693845601644,41.18649042224104,1016.4922556254446,0,0.0,491.61544290339407,urban,loam,0.6803075385877797,9.335257864959598,0.0,1.2269438733835576,3.1339612478002894,0.18438319247989765,0
6,52.07215043007258,47.35153750890518,0.0,22.99144394899922,63.86031730781696,17.876412415189986,65.22221126295429,1003.0847295889537,0,0.0,491.61544290339407,urban,loam,0.6803075385877797,9.335257864959598,0.0,0.06866677713767096,1.8124950144103427,0.24372156301986253,0
6,64.21098626462069,34.199226441375934,10.171935874220342,9.629972830306055,70.26535747028505,24.515494012058845,80.25085920511228,1014.5403184168359,0,0.0,491.61544290339407,urban,loam,0.6803075385877797,9.335257864959598,65.57531613592066,-2.917516785061387,1.1756764968309426,0.29672221863130505,0
6,45.96202571505569,52.256365753455064,0.0,0.0,62.607610914036115,22.534911964883108,86.76997068411808,1011.5263986524371,0,0.0,491.61544290339407,urban,loam,0.6803075385877797,9.335257864959598,0.0,0.871092637984728,0.8324263628857353,0.23703130083793789,0
6,40.12529029709015,58.516749009983585,0.5792215718405882,0.0,56.98070558877657,34.48154664021607,35.76114335872275,994.2510793595246,0,0.0,491.61544290339407,urban,loam,0.6803075385877797,9.335257864959598,2.9972177323152884,-0.8982634819088852,5.313847997643997,0.1662886187359111,0
6,42.892567922313674,54.56946692317733,0.0,2.326870437483475,60.2377749583408,10.180498675092943,50.578762646822035,1011.4025150200841,0,0.0,491.61544290339407,urban,loam,0.6803075385877797,9.335257864959598,0.0,-0.6669725619393905,4.426281604329802,0.1727124351964755,0
6,50.66429643197577,49.6847663847132,0.0,0.0,74.19672694857816,17.737039479871676,93.46685945496364,1015.5723775067652,0,0.0,491.61544290339407,urban,loam,0.6803075385877797,9.335257864959598,0.0,0.5623840358205509,9.162806201780063,0.28492708521019416,0
6,55.31777516705727,42.72358642237363,0.0,0.0,75.91002211081639,10.715779845891321,42.98233820723038,999.5385927741979,0,0.0,491.61544290339407,urban,loam,0.6803075385877797,9.335257864959598,0.0,2.1690010605818513,0.12594341764739736,0.18029495803313644,0
6,61.66978983609597,37.212611019779345,11.823598428278794,0.0,56.427782269142774,18.7617550579482,85.82290445386569,1007.5570385368571,0,0.0,491.61544290339407,urban,loam,0.6803075385877797,9.335257864959598,27.20625439699109,1.1101793988831736,1.4031868339134348,0.29226735262012843,0
6,55.630707980483834,44.325231874482284,0.0,0.0,66.2736139589702,12.672084377175786,83.37218430319854,1042.9281057006065,0,0.0,491.61544290339407,urban,loam,0.6803075385877797,9.335257864959598,0.0,-1.6163773164962763,1.2442385949551467,0.25102715371094547,0
6,49.32313592369728,52.91924036144253,0.0,0.0,74.0598224502974,22.58070863465294,60.21097338593755,1028.2833156348624,1,0.0,491.61544290339407,urban,loam,0.6803075385877797,9.335257864959598,0.0,2.7232144726335026,0.28335147035835917,0.18906430207195024,0
6,62.15254085102252,39.56171981248291,23.6565879123305,30.41115964697889,73.65330881458985,32.159409615609874,65.20964356219234,1010.403475917053,0,0.0,491.61544290339407,urban,loam,0.6803075385877797,9.335257864959598,37.44397215252532,0.07323985271644587,8.430465771694971,0.3423818038929915,0
6,32.493633677024334,69.9800312552302,0.0,0.0,48.41953001420122,34.32443451050762,39.9523739751929,1004.98516078169,0,0.0,491.61544290339407,urban,loam,0.6803075385877797,9.335257864959598,0.0,0.8052890229282444,2.3717594744468555,0.14086803279052168,0
6,55.88680340171084,43.823544691089985,3.5156365404929195,0.0,56.471746236537285,23.982546801920677,42.1817337189455,1021.9107054091049,0,0.0,491.61544290339407,urban,loam,0.6803075385877797,9.335257864959598,12.513541261163745,1.0892491489986773,2.247167579736311,0.19484082671040248,0
6,50.4006206360102,50.09589895697076,0.0,0.0,74.18341663063475,19.079729902271232,48.66489712344587,1006.2605233823659,0,0.0,491.61544290339407,urban,loam,0.6803075385877797,9.335257864959598,0.0,2.112202503339978,3.941458283180018,0.1817960088200384,0
6,92.3135125365659,5.712395105561474,27.574903159318854,0.0,77.29011635730662,28.22255339476875,91.91193452823109,1003.3510669981362,0,0.0,491.61544290339407,urban,loam,0.6803075385877797,9.335257864959598,307.11657545658,-3.271357938000444,1.3456777579562138,0.3977558441052271,0
6,51.77688885035328,47.423457681073664,0.0,36.36349690515192,47.191300980253075,19.22206303889723,57.55715166511202,1019.7650747643997,0,0.0,491.61544290339407,urban,loam,0.6803075385877797,9.335257864959598,0.0,2.243378284775838,1.145474158231897,0.24585126119272394,0
6,50.5017942709396,52.934933720588155,2.3849386941974267,0.0,54.19903804094236,16.28782599191002,75.15366242380225,1012.1366214175328,0,0.0,491.61544290339407,urban,loam,0.6803075385877797,9.335257864959598,3.3971062134041636,0.3428195918070106,2.935489631501479,0.23405994006895797,0
6,49.01619196845568,50.20667159056192,0.0,0.0,62.688304994664314,17.451042458672863,32.279221686216715,1016.7804626042788,0,0.0,491.61544290339407,urban,loam,0.6803075385877797,9.335257864959598,0.0,2.054091704355521,3.1541049695372085,0.1766337873921784,0
6,55.710293430143,38.403423438913535,0.0,0.0,61.45625709378401,18.17444058106848,58.76193538842243,1022.4438522283539,0,0.0,491.61544290339407,urban,loam,0.6803075385877797,9.335257864959598,0.0,3.33350625708734,1.5361052214784494,0.2028432262148973,0
6,63.23020332288975,37.51949283377589,5.19476185907863,13.103995410073649,43.91011689967069,32.302800392277035,32.00090164544661,997.9279143414376,0,0.0,491.61544290339407,urban,loam,0.6803075385877797,9.335257864959598,73.53195708442192,0.25690213449258614,2.9565231943947285,0.23483598319487997,0
6,48.47108677233693,50.99878323388591,0.0,0.0,63.49762533792072,28.448828006323463,79.87308956848713,1039.9832883593708,0,0.0,491.61544290339407,urban,loam,0.6803075385877797,9.335257864959598,0.0,-0.8221632353569678,3.690969796291357,0.23688802491472832,0
6,41.625828146490875,55.72626968507,0.0,10.696879763947548,45.133366366901626,31.45728338882765,50.134697907037165,1029.4142862772233,1,0.0,491.61544290339407,urban,loam,0.6803075385877797,9.335257864959598,0.0,-0.32014897321660957,1.2170515128395396,0.17218950686319515,0
6,55.61656768180145,45.306159360358734,0.0,0.0,64.13130518786414,31.135480042519248,49.29201332836953,1011.8516757491378,0,0.0,491.61544290339407,urban,loam,0.6803075385877797,9.335257864959598,0.0,0.2975612696146104,0.8562815241246724,0.18309031355986788,0
6,51.60344265419339,48.91690112647952,0.0,0.0,44.05536602500519,32.39128076004796,82.17392781420864,1038.3333900069783,0,0.0,491.61544290339407,urban,loam,0.6803075385877797,9.335257864959598,0.0,-3.0144516407678768,2.7835894892858146,0.2451030998374505,0
6,74.69016449362401,27.221243448603722,22.79737947542574,0.0,48.87956658041688,26.53259905717167,89.23164986922873,1004.0956424705734,0,0.0,491.61544290339407,urban,loam,0.6803075385877797,9.335257864959598,86.61048311886134,0.7475497498044791,2.793594185936889,0.35153878846279785,0
6,56.420343361038086,44.404625564544936,7.103886491149602,0.0,74.949786875001,31.857414005554357,38.744156998796996,996.9937415681662,0,0.0,491.61544290339407,urban,loam,0.6803075385877797,9.335257864959598,33.26945467883118,1.6193150602964825,1.1535587453748128,0.19981564422118875,0
6,62.74174561721828,39.74397950849835,18.873813197686918,0.0,68.1990687803852,15.497074742683727,53.94017483563756,998.4178688618125,0,0.0,491.61544290339407,urban,loam,0.6803075385877797,9.335257864959598,58.85594951407633,1.6226606378428357,4.125918622766841,0.25293866849016694,0
6,56.30332088290534,44.03398185231505,0.0,0.0,44.02414861347141,32.28634682861873,85.09927786754409,1012.6231287925776,1,0.0,491.61544290339407,urban,loam,0.6803075385877797,9.335257864959598,0.0,0.6584517338206269,1.5625993988860993,0.2567968579123938,0
6,54.8035030894287,44.85794803390605,0.0,0.0,61.77317532042897,21.762626974808178,33.11789130766593,989.3514462720849,0,0.0,491.61544290339407,urban,loam,0.6803075385877797,9.335257864959598,0.0,1.6340733725183825,5.086059289500796,0.1941351329772339,0
6,51.3530501203318,48.832821185034156,0.0,0.0,69.26069511470514,31.875863281131462,69.92057567005293,1007.8993604990392,0,0.0,491.61544290339407,urban,loam,0.6803075385877797,9.335257864959598,0.0,-0.868064527538024,8.302134267466737,0.2366455830393146,0
6,47.84514837299611,51.997274826843295,0.0,1.0619448492091899,75.89110957404395,14.825374635142465,87.37823495346024,1020.4101695133645,0,0.0,491.61544290339407,urban,loam,0.6803075385877797,9.335257864959598,0.0,-1.591310267651615,6.9970896332694155,0.26214356219996715,0
6,45.53303067407302,54.04843990259816,0.0,0.0,65.29533408679556,12.904519375297273,66.07620407334392,1025.4846803942276,0,0.0,491.61544290339407,urban,loam,0.6803075385877797,9.335257864959598,0.0,-1.7714275995993798,3.124173092172412,0.20165131745660153,0
6,55.570048242531975,42.18544179988222,0.0,17.750690697329464,55.61677717777313,19.311723472802708,59.62282791055151,997.2650287598557,0,0.0,491.61544290339407,urban,loam,0.6803075385877797,9.335257864959598,0.0,0.8723059630160722,2.995197898671691,0.23528466379296087,0
6,45.63261709621758,53.23550864199761,0.0,0.0,48.401744040362715,14.135022612533977,80.51547775336368,1028.3755131903433,0,0.0,491.61544290339407,urban,loam,0.6803075385877797,9.335257864959598,0.0,1.9962329774322412,1.0534259414773945,0.22451904801751632,0
6,57.46356975302808,41.97957127792497,5.608924527567937,2.509881625089177,64.72918505587874,14.566290468594307,78.78405874528869,1033.9339572504994,0,0.0,491.61544290339407,urban,loam,0.6803075385877797,9.335257864959598,14.292673555441604,3.2622301949111665,3.665014595561829,0.26780306957810135,0
6,54.35420515636935,48.06381524143264,0.0,0.0,62.949945974575115,21.811552847872264,75.3903660561364,1023.6417070234104,0,0.0,491.61544290339407,urban,loam,0.6803075385877797,9.335257864959598,0.0,1.5583751540016078,3.2967049753455595,0.23863904693429822,0
6,51.69221200301405,49.47703390195943,0.0,1.3331833260237544,49.299452519839484,10.220370832361816,76.54829663098793,1017.7962531955158,0,0.0,491.61544290339407,urban,loam,0.6803075385877797,9.335257864959598,0.0,-0.4672139219657308,1.0099950537866063,0.23071037506848874,0
6,46.686391864582326,49.84257291469822,0.0,0.0,54.046396704428254,30.930999987886484,34.34181002204118,1005.9775045763686,0,0.1854769613333551,491.61544290339407,urban,loam,0.6803075385877797,9.335257864959598,0.0,2.558167738884844,2.9525207429838227,0.17131675398906349,0
6,58.00856275910263,43.411302737191846,0.0,18.07491758546646,48.637790906971674,20.743634526891668,62.11278635082267,1029.9762377970935,0,0.0,491.61544290339407,urban,loam,0.6803075385877797,9.335257864959598,0.0,0.1215707450026057,9.631429274276966,0.2655917828885464,0
6,43.90867620247148,56.36940675175529,0.0,0.0,59.67049455340332,34.16023240308573,67.37197705992669,1004.2278001411311,0,0.0,491.61544290339407,urban,loam,0.6803075385877797,9.335257864959598,0.0,-0.18780713742609442,5.81500484852652,0.20902992049670222,0
6,59.76412552312438,40.65285841802678,2.0552412323945717,23.668448956059486,51.491554150681914,23.91995960932929,76.06735769381848,1013.1825246085612,0,0.0,491.61544290339407,urban,loam,0.6803075385877797,9.335257864959598,23.6090084581124,-0.28973351029218875,2.029120433369071,0.286745600189318,0
6,47.33968143591821,52.68754979284345,0.0,0.0,43.723292927536036,25.554173104340194,68.0393214104121,1029.3438319864777,0,0.0,491.61544290339407,urban,loam,0.6803075385877797,9.335257864959598,0.0,3.728097060823517,10.707154401598524,0.2319806488530281,0
6,50.771982089249576,50.47483385874048,0.0,10.812483649503305,66.46577798398422,11.387098551697765,48.495139667683645,1005.7394270336279,0,0.0,491.61544290339407,urban,loam,0.6803075385877797,9.335257864959598,0.0,2.5455150732707654,7.8952005555896445,0.2106270810958611,0
6,49.75600309078631,48.719730012185494,0.0,16.01716843461375,63.36265416590291,20.294550687144365,60.79754827240902,1017.1905073475345,0,0.0,491.61544290339407,urban,loam,0.6803075385877797,9.335257864959598,0.0,0.43743653228297547,0.8340737034919663,0.21679089335105478,0
6,52.41523186019087,45.628722092763994,0.6393535225408635,13.554913164224377,53.0916638578921,10.634287201057889,78.75976828440365,1020.2651162233606,0,0.0,491.61544290339407,urban,loam,0.6803075385877797,9.335257864959598,4.280780132530418,2.0439255533562832,1.0560469961222836,0.2563451643572492,0
6,59.55593800969555,39.075181186132085,3.9904687866749686,3.311648963430617,42.275073456678186,10.506999344185498,70.45049816952718,1010.114670993182,0,0.0,491.61544290339407,urban,loam,0.6803075385877797,9.335257864959598,21.179346438670656,2.5493676993589727,5.6781795237891455,0.2593732310512906,0
6,48.07619841851965,53.33783658739556,0.0,12.21501528385836,72.19622540707769,17.87639923296636,64.03870599993404,1023.5276893961159,0,0.0,491.61544290339407,urban,loam,0.6803075385877797,9.335257864959598,0.0,-0.5182504212657014,1.2351153681863454,0.21537551165265734,0
6,46.23344436693947,54.889500892712796,0.0,0.0,65.51870089509006,28.50373484243977,59.12836546523537,1011.6225893961207,0,0.0,491.61544290339407,urban,loam,0.6803075385877797,9.335257864959598,0.0,3.556538478608954,3.2006243782081074,0.1894016589607907,0
6,50.05262178682845,51.66663978688124,0.0,0.0,42.897509314400324,31.75137982773207,74.09555451638397,1006.1326760443264,0,0.0,491.61544290339407,urban,loam,0.6803075385877797,9.335257864959598,0.0,2.182597912590535,0.2906864724961499,0.21833093591046604,0
6,52.714355408582094,48.17700040558175,0.0,0.0,46.329858772228015,24.781072643765352,50.46106554160227,996.9529499020218,0,0.0,491.61544290339407,urban,loam,0.6803075385877797,9.335257864959598,0.0,0.7259385847933355,3.8854112923262796,0.18722978572863536,0
6,61.86296461791298,38.43118903697897,0.0,0.0,75.81578189275247,27.569571929149372,32.730374882222776,1015.0173865479604,0,0.0,491.61544290339407,urban,loam,0.6803075385877797,9.335257864959598,0.0,-2.2823316313192983,1.081661089498344,0.19640048717776148,0
6,59.637035912201604,39.1874881491586,0.0,22.395888194637163,62.12081201847894,27.391005392973398,90.0805630754829,1019.3818699884857,0,0.0,491.61544290339407,urban,loam,0.6803075385877797,9.335257864959598,0.0,-0.2236942081726259,2.2634507425476666,0.3091986253515492,0
6,53.53421486090873,44.704264756861825,0.0,2.7415769361312443,67.30152431258746,28.87446832872908,35.783409831506994,996.1629437463401,0,0.0,491.61544290339407,urban,loam,0.6803075385877797,9.335257864959598,0.0,0.23603192821581187,10.497858212901544,0.21191561805270137,0
6,53.7426487990843,45.79093420450291,0.0,0.0,60.55379534340376,20.2055455647058,47.79976374145184,1011.6919940627305,0,0.0,491.61544290339407,urban,loam,0.6803075385877797,9.335257864959598,0.0,-2.139558086218301,7.7020553197517385,0.1998374248709297,0
6,47.920184071304334,55.11999941067787,0.0,0.0,64.73416454309003,33.82009620622933,81.64589913741085,1021.8484258280116,0,0.0,491.61544290339407,urban,loam,0.6803075385877797,9.335257864959598,0.0,2.2831174645534444,5.288517534511278,0.24411202507183982,0
6,66.49097557575855,34.44897150490522,11.204266991433046,0.0,69.89475064850888,23.308265064677563,48.998861226101454,1005.0758458816703,0,0.0,491.61544290339407,urban,loam,0.6803075385877797,9.335257864959598,48.31323412023932,-0.12867529475833303,2.2758589197688197,0.23175228331495906,0
6,59.82004990872739,40.54962961999337,0.0,0.0,54.76436473735015,25.855699970340368,31.180267764460122,1009.0521759080457,0,0.0,491.61544290339407,urban,loam,0.6803075385877797,9.335257864959598,0.0,2.3144890954620503,0.8574780019411964,0.19159591491974692,0
6,60.99353039344585,36.67714290952936,3.084398032391771,0.0,73.89737839014698,27.204360918056587,94.08833064955877,1015.252566819836,0,0.0,491.61544290339407,urban,loam,0.6803075385877797,9.335257864959598,12.67612777320632,-0.728580191784822,10.125455417459765,0.3161187997748368,0
6,51.99307215188669,47.4552479283204,0.0,5.562472397569877,75.4552240314485,14.490845659303519,73.07695751893155,994.8435102412118,0,0.0,491.61544290339407,urban,loam,0.6803075385877797,9.335257864959598,0.0,0.9932692299597907,3.1755000579896264,0.23721666869238345,0
6,48.10059882274529,52.010223689226244,0.0,0.0,71.8480971160157,27.950155252691196,91.33618859215215,998.3309405464809,0,0.0,491.61544290339407,urban,loam,0.6803075385877797,9.335257864959598,0.0,0.625731302981822,0.32868830023643686,0.24897802524816814,0
6,60.495007458075136,41.23116811393536,0.0,14.033004515243197,46.89265171913715,15.168666143505979,70.40592257280888,1022.489482228071,0,0.0,491.61544290339407,urban,loam,0.6803075385877797,9.335257864959598,0.0,-0.283630595338322,10.268588978095321,0.2830557767377349,0
6,61.80084786553008,35.06919939146972,3.748514902239093,22.484561885702576,49.60113182730935,10.620233251064144,54.945305473115546,1015.3825483337234,0,0.0,491.61544290339407,urban,loam,0.6803075385877797,9.335257864959598,18.78161727868909,-0.8418018771498804,7.8020976523845675,0.26755064238155457,0
6,43.35128493780096,52.64523472724652,0.0,37.00771098747828,56.299307582373686,20.58964567197697,75.67076191103739,1006.3683540987382,0,0.0,491.61544290339407,urban,loam,0.6803075385877797,9.335257864959598,0.0,0.9427825255299815,6.3594977271197175,0.2816451492764221,0
6,45.8890711304782,55.05495173244756,0.0,9.312237990554204,51.45003404593635,15.77415870540079,86.82637198448185,1024.0560081525368,0,0.0,491.61544290339407,urban,loam,0.6803075385877797,9.335257864959598,0.0,-0.28917743397210904,7.709861739193168,0.2715972077641389,0
6,56.582659997172954,42.64348110962715,0.0,34.802329643832614,53.22496244648086,33.81128157865963,31.616932330949354,1017.2896794854852,0,0.0,491.61544290339407,urban,loam,0.6803075385877797,9.335257864959598,0.0,-1.871662459581131,5.379469143621298,0.25081740041103234,0
6,60.06220729580675,39.025541317204045,0.0,0.0,75.0802131709383,16.612321833686963,39.74312919633028,1020.017100579771,0,0.0,491.61544290339407,urban,loam,0.6803075385877797,9.335257864959598,0.0,-0.8476670764129663,3.828055785150939,0.20099743861030672,0
6,57.72264284977224,43.073206843658426,0.0,0.0,76.27791548106485,10.205906039799004,87.18183464891402,1021.727594562341,0,0.0,491.61544290339407,urban,loam,0.6803075385877797,9.335257864959598,0.0,3.525959305074798,2.5385838457485694,0.2667606618947192,0
6,54.46710977691627,41.75821632021356,0.0,0.0,65.37341190682457,15.351311405685856,58.135321941718615,1010.2542200024703,0,0.0,491.61544290339407,urban,loam,0.6803075385877797,9.335257864959598,0.0,-0.7326833542755153,0.8838105162513192,0.19711863752376385,0
6,35.96983871283845,65.61767757335981,0.0,0.0,54.22587373302438,33.67718867438889,69.18907274260457,1026.529420477707,0,0.0,491.61544290339407,urban,loam,0.6803075385877797,9.335257864959598,0.0,-0.2906988446277704,1.73698743217381,0.18437287478978576,0
6,47.92350648406291,53.1052477891648,0.0,0.0,72.42144682387472,20.088069162680736,55.90534143374986,1019.3705183960876,0,0.0,491.61544290339407,urban,loam,0.6803075385877797,9.335257864959598,0.0,0.9208312996856481,0.6977102146395177,0.17886520765549901,0
6,54.526180605377306,45.01687430700361,1.8779741108435484,2.147469519435543,45.340234543451125,33.05231633930829,78.82464390846786,997.5494359259357,0,0.0,491.61544290339407,urban,loam,0.6803075385877797,9.335257864959598,8.501173142109984,-1.318047653319341,6.6432320577232185,0.26287217592558004,0
6,48.86292676556103,54.34612908991156,0.0,0.0,74.53191997334062,21.25310681588097,78.37974162692879,1006.6254347568239,0,0.0,491.61544290339407,urban,loam,0.6803075385877797,9.335257864959598,0.0,3.049034362231806,2.224731954476264,0.23029515562309688,0
6,46.06448980070685,55.880930985137496,0.0,68.91666210338323,56.059906429799035,10.274091328288584,41.03652157081158,1012.7528144337673,0,0.0,491.61544290339407,urban,loam,0.6803075385877797,9.335257864959598,0.0,1.6711655526794549,3.900329764625576,0.27627730787855526,0
6,54.17036097999891,41.94464363807755,0.0,8.201750867283174,71.71187916025607,24.75633413149236,42.471986351653186,1001.4429242508309,0,0.0,491.61544290339407,urban,loam,0.6803075385877797,9.335257864959598,0.0,-0.42785293270233077,4.884728696909411,0.20455316692331643,0
6,50.76289925728935,47.492501098589635,0.0,0.0,68.75616606537005,23.256188159156068,75.7655684617518,1010.8585612791054,0,0.0,491.61544290339407,urban,loam,0.6803075385877797,9.335257864959598,0.0,-0.8730297265310871,5.358401869452949,0.23831072544538612,0
6,44.74307036513276,55.033862402480224,0.0,0.0,70.9135786270054,22.694604673778024,62.229602021761565,1013.4572279568545,0,0.0,491.61544290339407,urban,loam,0.6803075385877797,9.335257864959598,0.0,0.8065992083336481,9.12828997832304,0.21037268112488278,0
7,100.97734576268887,-6.622615679177923,0.0,2.8724691834183966,129.64665088270982,10.62427251085328,55.96792089193668,1012.499346417695,1,0.0,225.24962598477148,urban,silt,0.5632882178455393,0.26529922319733057,0.0,1.1888912080082286,1.414986736499303,0.5268183275530527,1
7,108.72399967540129,-10.120440317844446,2.411858187258833,0.0,93.7602416398192,27.159305819316085,43.80409259466236,1001.1077601508762,0,0.0,225.24962598477148,urban,silt,0.5632882178455393,0.26529922319733057,10.107046552702727,-1.793171081294383,2.8672374667769946,0.5197542505594025,1
7,100.30514822259919,1.959248160842177,0.0,0.0,124.92728746873631,24.419021185898107,40.75979402510129,1024.6322975514079,0,0.0,225.24962598477148,urban,silt,0.5632882178455393,0.26529922319733057,0.0,-0.21475723682009074,8.028389790412273,0.5304139911557907,1
7,115.30487770931144,-16.11306833297624,2.2907475243244413,0.0,113.24320493557607,16.76834331054331,94.9567829840225,1032.9209440749746,0,0.0,225.24962598477148,urban,silt,0.5632882178455393,0.26529922319733057,25.762769605514816,1.1118974999163742,10.157756553736183,0.6312971524624563,1
7,124.15274216230046,-26.0873043828897,32.82945365181958,0.0,146.7594597957081,19.539359695637945,78.10233642397151,1011.8880856451266,0,0.0,225.24962598477148,urban,silt,0.5632882178455393,0.26529922319733057,67.22268384074262,1.5179633909202255,2.2403917050644586,0.6349135770513294,1
7,105.54602886808367,-7.004101724136743,0.0,12.16238134645735,134.64866944767687,34.285046215216155,35.43926423610033,1015.906214978498,0,0.0,225.24962598477148,urban,silt,0.5632882178455393,0.26529922319733057,0.0,5.154108659140064,0.8724409974386806,0.5271897167965559,1
7,123.76612110215686,-24.221608563643194,9.402755286235275,0.0,121.36931561594133,33.626263834865085,65.63324523148985,1002.3677875920218,1,0.0,225.24962598477148,urban,silt,0.5632882178455393,0.26529922319733057,139.36514650145193,1.1409721721593815,4.972072641037922,0.5713170407431178,1
7,110.43066448009162,-10.03700168228776,0.0,8.018288914242989,102.5979107421857,31.744214200348146,58.0816119761932,1014.1463787455269,0,0.0,225.24962598477148,urban,silt,0.5632882178455393,0.26529922319733057,0.0,-1.8915432921465551,0.05371273325397567,0.5346806173080667,1
7,103.95359059485322,-4.18432985127488,3.3310968011902875,0.0,131.50367088728285,32.935646320112525,74.18938938425183,1005.8779804141466,0,0.0,225.24962598477148,urban,silt,0.5632882178455393,0.26529922319733057,12.94162118909934,0.6256444735336929,2.8688355495095044,0.5699763008039667,1
7,100.3211515067276,3.2129676421878,0.0,6.145704266033813,105.58242219369833,31.81990812698607,81.80419755933406,1032.9434494971986,0,0.0,225.24962598477148,urban,silt,0.5632882178455393,0.26529922319733057,0.0,-2.3069344023722302,7.837761100524656,0.6026690566038467,1
7,132.49452064339695,-30.094560207501065,37.40373879494427,0.0,86.41329338644618,19.6429178190255,88.73135474032333,1024.6858461519541,0,0.0,225.24962598477148,urban,silt,0.5632882178455393,0.26529922319733057,292.25275014325376,-0.34235873959279883,0.33056196976003516,0.6595906947643692,1
7,97.90801361793119,2.8753824140897564,2.7617815959353327,0.0,114.69555373197257,33.223668389315584,89.19886782797957,1029.1029298048288,0,0.0,225.24962598477148,urban,silt,0.5632882178455393,0.26529922319733057,6.854327766243421,2.9149685956634004,7.619293187237024,0.6131080001940947,1
7,92.51279100951507,6.570762931971928,0.0,0.0,91.3190046395415,18.810775638818516,56.19323200802062,1008.2393744222213,0,0.0,225.24962598477148,urban,silt,0.5632882178455393,0.26529922319733057,0.0,-1.4841681898455537,0.7003742397991363,0.5128086141460927,1
7,106.18643206358949,-4.413273078074194,0.0,98.69218057277492,130.21668608468147,29.878518062788057,80.81348082299284,1003.7573159740493,0,0.0,225.24962598477148,urban,silt,0.5632882178455393,0.26529922319733057,0.0,-1.8003204557473258,2.0672435173589765,0.7221957848417789,1
7,101.44318677693343,-3.5071980895981776,0.0,0.0,96.02603844599805,15.91995086490297,62.664425735607615,1035.8190291651417,0,0.0,225.24962598477148,urban,silt,0.5632882178455393,0.26529922319733057,0.0,0.1378122662419442,0.6630203912024837,0.5336467344293766,1
7,98.48098797770625,3.3210226706979817,0.0,4.539441332049364,108.56034328140058,21.60666050714849,90.26636445283927,1016.8172474484683,0,0.0,225.24962598477148,urban,silt,0.5632882178455393,0.26529922319733057,0.0,-1.9585046660087342,0.055895577389410186,0.5938383994204747,1
7,106.86734987731678,-8.84953214798001,0.0,1.874302711453582,134.61894540743188,20.221091543126704,43.399500418210664,996.2441955037591,0,0.0,225.24962598477148,urban,silt,0.5632882178455393,0.26529922319733057,0.0,-1.6717405112366117,5.479354053993587,0.525578338013715,1
7,104.84911428817688,-2.602760394973512,0.0,0.0,98.10428016137634,28.628318712459997,38.25865724824883,1031.2744194111378,0,0.0,225.24962598477148,urban,silt,0.5632882178455393,0.26529922319733057,0.0,-0.4938366549789093,9.629889092225506,0.5352184890612304,1
7,109.28394812896877,-6.354539161486282,0.0,0.0,107.6402934719178,20.949943697388854,49.9850412471792,1022.0923394218297,1,0.0,225.24962598477148,urban,silt,0.5632882178455393,0.26529922319733057,0.0,-0.9254732959926758,1.5352417046255074,0.5109345468984304,1
7,107.10551517123122,-5.801799632200016,0.0,0.0,143.48187500030477,30.97804007765412,89.13169027400544,999.5998227207645,0,0.0,225.24962598477148,urban,silt,0.5632882178455393,0.26529922319733057,0.0,-3.1339187423347057,2.035451916994159,0.5906985580835472,1
7,98.23195298662182,3.2503771080312567,0.0,0.0,156.4551233046362,17.65015263022358,38.28235091836094,1008.7734197138287,0,0.0,225.24962598477148,urban,silt,0.5632882178455393,0.26529922319733057,0.0,1.0686944269075687,8.842077128190361,0.532855053169125,1
7,122.12425616090117,-21.37857166358952,21.346481803289258,0.0,131.09305520011512,30.45530003426158,30.36738681467701,1023.323893981264,1,0.0,225.24962598477148,urban,silt,0.5632882178455393,0.26529922319733057,75.04057816562613,-0.6628022073925275,2.2419850826480734,0.5557477406390766,1
7,103.52612775546874,-5.520657671405566,0.0,0.0,156.92340390481806,34.87032573259431,37.461108112939804,1002.0181361622185,0,0.0,225.24962598477148,urban,silt,0.5632882178455393,0.26529922319733057,0.0,-0.9715811928169593,3.1672181738544003,0.5158304763061171,1
7,97.72248406431909,3.001344477141963,0.0,16.03825083657517,116.01662318023023,29.747800042571136,83.16445069303322,1023.7452979022993,0,0.0,225.24962598477148,urban,silt,0.5632882178455393,0.26529922319733057,0.0,2.7829159339118843,1.0612215491996528,0.5998987640730821,1
7,125.47589183204349,-25.320721053070706,21.027374153755837,0.0,96.64434485478063,10.307266528891773,68.58741766404268,1017.4496831537617,0,0.0,225.24962598477148,urban,silt,0.5632882178455393,0.26529922319733057,248.36732104757158,-1.1429012093085034,4.8308565297382735,0.6000509750093657,1
7,110.24975342227165,-7.15840597109833,6.246610432861863,0.0,142.16032566536734,28.95323016242112,89.18981297921934,1002.6267128623028,0,0.0,225.24962598477148,urban,silt,0.5632882178455393,0.26529922319733057,32.28718049457705,-0.790093704339135,1.545234175120174,0.6018373711340768,1
7,105.17822145298503,-5.517861397339426,0.0,26.19680244637317,152.7802070956251,30.078104154475966,57.733808740027314,1002.9789607536957,0,0.0,225.24962598477148,urban,silt,0.5632882178455393,0.26529922319733057,0.0,-1.1316470207073566,2.4268352205546004,0.5683721485958321,1
7,102.00049782179605,-1.3384200161616187,0.0,0.0,113.19601205686173,26.866849800579047,33.616512856365674,1002.742766050254,0,0.0,225.24962598477148,urban,silt,0.5632882178455393,0.26529922319733057,0.0,-0.7548019281069654,0.8898987441630641,0.5089985180170431,1
7,125.15399820455586,-26.534279879653653,13.268022266141971,0.0,115.54141917765627,10.275702106722509,90.22621248421947,1020.0893645106871,0,0.0,225.24962598477148,urban,silt,0.5632882178455393,0.26529922319733057,110.13609554420972,1.2738161580059708,2.3756263922230163,0.6204441704619458,1
7,111.15212528454083,-11.938827534186576,2.029900796786923,12.505610854080095,89.65255800945849,14.065707407892926,55.223202553796924,1010.9268390399176,0,0.0,225.24962598477148,urban,silt,0.5632882178455393,0.26529922319733057,13.992097804632046,-0.06988300091726556,4.536632796861328,0.5532033431574257,1
7,103.15158062317906,-4.176740830672578,0.0,0.0,124.30381142130426,28.046329013327806,94.56923123041136,1022.9561516402524,0,0.0,225.24962598477148,urban,silt,0.5632882178455393,0.26529922319733057,0.0,0.5842976842375978,1.4011797300124715,0.599670823435414,1
7,105.0252249875997,-3.7850576243757863,0.0,0.0,124.22772911706106,21.325368759504713,87.05429224252765,1021.4758031820918,0,0.0,225.24962598477148,urban,silt,0.5632882178455393,0.26529922319733057,0.0,-0.5636896987941998,3.1843823710321666,0.5899905533827057,1
7,99.6277471075476,1.135688594132465,0.0,9.463009444304088,104.16590686721189,13.545720717191871,30.243431156233513,1024.1319312457697,0,0.0,225.24962598477148,urban,silt,0.5632882178455393,0.26529922319733057,0.0,-3.1711240917318984,3.1550828599424703,0.5299885845308374,1
7,103.04191932597965,-1.56166799776916,0.0,1.2512551722781522,101.76283212979108,29.341983661981267,64.36458048912328,1017.1580272572045,0,0.0,225.24962598477148,urban,silt,0.5632882178455393,0.26529922319733057,0.0,0.7624893103241976,0.20303115839265,0.5375439589963956,1
7,111.62601111746794,-14.12514094131595,3.2806080207256465,54.885456344885164,116.24740029114656,11.511173074631756,78.69251263668158,994.403369594502,0,0.0,225.24962598477148,urban,silt,0.5632882178455393,0.26529922319733057,17.860358882012495,-4.253666975598531,0.15810986955123885,0.6530775772253499,1
7,113.40354235661033,-11.31549209772557,9.913006635087733,0.0,99.15564754029103,25.587695248905554,53.25158972125779,1008.6475180299483,0,0.0,225.24962598477148,urban,silt,0.5632882178455393,0.26529922319733057,61.322811919286174,-0.42258271558651167,4.109601662868762,0.5449868194858511,1
7,118.98368588671627,-20.509567253380503,15.1867584198863,20.766038803279862,121.41798408707909,30.27051344595378,58.41007537923588,999.6849170044554,0,0.0,225.24962598477148,urban,silt,0.5632882178455393,0.26529922319733057,158.95964464082257,0.733455504371626,6.826430679456832,0.6051508396260885,1
7,104.34496964799789,-2.890627128929987,0.0,0.0,114.45379632437032,13.727391966785849,92.25825604786183,1021.2914903505954,0,0.0,225.24962598477148,urban,silt,0.5632882178455393,0.26529922319733057,0.0,-0.8355788981581307,0.21006614776737473,0.5914755323235797,1
7,111.07364962979214,-10.785285646774286,9.305720122443699,0.0,128.93167854073405,23.731281784447358,47.74687171893086,998.6040639216978,0,0.0,225.24962598477148,urban,silt,0.5632882178455393,0.26529922319733057,76.46709879345715,-2.3778822361066974,2.208803248247397,0.5315666717741835,1
7,106.81090861487625,-5.666995970931255,0.0,0.0,155.91546144065032,29.930989375570004,49.615649503857966,1030.2367290169195,0,0.0,225.24962598477148,urban,silt,0.5632882178455393,0.26529922319733057,0.0,-2.57900013944796,1.507899038955525,0.5108525189014205,1
7,100.15996526461927,1.6759211185049487,0.0,23.334966821499023,139.79329087429267,18.724873382547774,59.5004616195284,1004.9092733805754,0,0.0,225.24962598477148,urban,silt,0.5632882178455393,0.26529922319733057,0.0,-0.3673879327531858,1.6850490044949529,0.5653873422693441,1
7,127.44599590379754,-28.913550469412296,11.44020280064766,0.0,92.33877093528044,18.691793536722784,79.58560606326415,1003.5358085271525,0,0.0,225.24962598477148,urban,silt,0.5632882178455393,0.26529922319733057,97.83116271038138,0.9400273224933229,0.5169099810604756,0.589931169455559,1
7,104.4237217251492,-7.032335572202034,0.0,0.0,93.46665805722736,16.29161087613677,57.920693028843914,1013.6283357291934,0,0.0,225.24962598477148,urban,silt,0.5632882178455393,0.26529922319733057,0.0,-3.2205262375836003,3.7659497486627442,0.53346805708823,1
7,104.0309219014451,-5.464670442870046,0.0,11.885811213803802,100.94340820198735,18.59556228146881,69.9120278991623,1002.5358476380629,0,0.0,225.24962598477148,urban,silt,0.5632882178455393,0.26529922319733057,0.0,-2.7329726412707327,6.972082826294528,0.5848978428824677,1
7,104.54184685373126,-4.415039832010272,0.5909356710003456,0.0,104.37761491619655,32.25786140534128,65.74924703128694,1037.6075292870837,0,0.0,225.24962598477148,urban,silt,0.5632882178455393,0.26529922319733057,3.087839308583688,1.7143167768465768,7.623192982413781,0.5618787661363698,1
7,114.85333003652381,-17.665562398643292,0.0,0.0,143.14973504465073,14.040401518257436,49.034315459916925,1020.9571444786536,0,0.0,225.24962598477148,urban,silt,0.5632882178455393,0.26529922319733057,0.0,0.724899763189053,2.5494697643281636,0.5139772310775383,1
7,95.82104609358076,6.183495977770459,0.0,0.0,156.80784234392053,34.580399666343645,71.27659679920463,999.5531079975004,0,0.0,225.24962598477148,urban,silt,0.5632882178455393,0.26529922319733057,0.0,-0.5963050523998006,3.4603259933234587,0.5592629933629335,1
7,112.43385873299808,-12.588874755290648,0.0,0.0,124.387549267732,16.78171466207942,69.97072156461459,1011.1514963934947,1,0.0,225.24962598477148,urban,silt,0.5632882178455393,0.26529922319733057,0.0,1.0038004674013439,0.14408300794311654,0.5467025139376124,1
7,133.41753109616877,-32.063542901418664,38.311762571430044,13.587961642357284,107.06820537317151,24.027752719210017,64.67805809874338,1028.1842203065219,0,1.058802730420177,225.24962598477148,urban,silt,0.5632882178455393,0.26529922319733057,185.25040914512158,0.3743680549771684,1.3531337327012878,0.6367498067865405,1
7,104.38213423494045,-5.147301920385319,0.0,1.2128222758765694,152.28305221211474,27.678437948392162,51.43129140192323,1015.6877578914864,0,0.0,225.24962598477148,urban,silt,0.5632882178455393,0.26529922319733057,0.0,-2.0527072447797923,7.947206417808492,0.5348522572556407,1
7,96.60999908470718,2.0736475400735297,0.0,0.0,89.93940371564916,10.285816916805102,57.78428466076156,1020.6310002454792,0,1.2690098001365164,225.24962598477148,urban,silt,0.5632882178455393,0.26529922319733057,0.0,-0.04519566608980499,4.948996729637555,0.5367443812949897,1
7,103.79614404253209,-5.390117380159847,0.0,0.0,129.92473202880404,32.760277239452904,47.80938903071835,1019.1496123204678,0,0.0,225.24962598477148,urban,silt,0.5632882178455393,0.26529922319733057,0.0,1.54931327178015,7.431980216641881,0.5286247624344795,1
7,98.22543586771985,-0.3756419639533637,0.0,0.0,97.78432006793984,10.207621028083244,93.05372840247452,1019.7796997089653,0,0.0,225.24962598477148,urban,silt,0.5632882178455393,0.26529922319733057,0.0,-2.6409362620405434,1.929013875623493,0.5982233202163734,1
7,122.53361530131139,-24.9905966540732,27.305184756100164,0.0,97.79697275088986,22.512372376915344,81.55992908776594,1016.5235211031405,0,0.0,225.24962598477148,urban,silt,0.5632882178455393,0.26529922319733057,70.25650038314883,2.5392265251996857,6.225752879800428,0.6427363081116874,1
7,102.93969350584646,-2.2104407979623617,0.0,4.368919608946713,107.99720829710772,23.428018707168498,43.75223242180465,1002.0847089096384,0,0.0,225.24962598477148,urban,silt,0.5632882178455393,0.26529922319733057,0.0,3.045871848967587,1.002173133471807,0.5158887205983893,1
7,102.5269319800453,-2.2400967186823526,0.0,6.588030717818474,104.64442911052399,31.022224417787125,33.25936149966766,1016.3658304545903,0,0.0,225.24962598477148,urban,silt,0.5632882178455393,0.26529922319733057,0.0,0.39643465544164025,1.6262974911479096,0.5210897603347253,1
7,106.10439685368615,-2.47324189049601,0.0,0.0,120.74807232189691,22.239022655690142,59.64685096861882,1019.3428393318223,0,0.0,225.24962598477148,urban,silt,0.5632882178455393,0.26529922319733057,0.0,0.7999931058872128,0.8292951339933636,0.5281104091237716,1
7,105.60902059410239,-5.310195624260612,0.0,0.0,123.30249685594576,15.76054929535843,78.34289297190897,996.2009425349511,0,0.0,225.24962598477148,urban,silt,0.5632882178455393,0.26529922319733057,0.0,1.6453648531482876,1.6765862819865387,0.5680443665743314,1
7,112.08511931654101,-11.34231714467654,0.0,0.0,95.01277050279778,21.64916870465342,74.1374157524586,1012.5272962077057,0,0.0,225.24962598477148,urban,silt,0.5632882178455393,0.26529922319733057,0.0,1.645145842400961,6.557719830185006,0.5742768127800261,1
7,106.23978315064501,-4.286769972518681,0.32744361183763004,0.0,101.91875426898115,30.821226039786065,69.93665060561578,1010.950675257584,0,0.0,225.24962598477148,urban,silt,0.5632882178455393,0.26529922319733057,1.4933889054240321,0.007009663337237937,1.100910570207009,0.5501597419300817,1
7,120.47461993303003,-21.217178592078195,15.096074925761158,0.0,100.58746683488606,21.714495109378475,57.61641525942072,1022.1025168153286,0,0.0,225.24962598477148,urban,silt,0.5632882178455393,0.26529922319733057,96.14812921179211,-2.037610395181427,4.073428266188351,0.5639740869534827,1
7,105.72834578854437,-7.931709548401736,0.0,5.186731121824844,108.22637514970435,27.037863386058447,52.71409665093584,1021.0215679116282,0,0.0,225.24962598477148,urban,silt,0.5632882178455393,0.26529922319733057,0.0,-0.8002491694374866,2.520761806882405,0.52709939718981,1
7,100.80917198367817,0.5621408013492526,0.0,0.0,142.21066723797702,30.109911172880047,43.460513617701174,1011.4372366329495,0,0.0,225.24962598477148,urban,silt,0.5632882178455393,0.26529922319733057,0.0,3.1122088750541668,1.233652255434659,0.5100297785508578,1
7,115.37353926310968,-12.374986095075943,23.421314085574114,2.5740837742222724,121.89299167004799,29.821113345928048,58.12176123926233,1021.2204200392895,0,1.1078425908100231,225.24962598477148,urban,silt,0.5632882178455393,0.26529922319733057,112.29943263075039,-2.2189111108924395,8.563557056381363,0.5989667692647043,1
7,104.05707315587794,-3.989883889224245,0.0,0.8278899575220376,106.98441582674823,13.735797553550476,67.7114640367747,1007.8203461550552,0,0.0,225.24962598477148,urban,silt,0.5632882178455393,0.26529922319733057,0.0,1.2547841481673696,0.519597557394194,0.5445523774665689,1
7,102.73292771187053,-3.2734684472197486,0.0,29.6132817814924,119.6953592829207,13.361426019176612,48.811333495786826,1022.4661830833044,0,0.0,225.24962598477148,urban,silt,0.5632882178455393,0.26529922319733057,0.0,2.1236332919794636,7.070145677809937,0.5719591814902223,1
7,110.18009738193179,-8.588369757249335,10.6616923430283,0.0,141.19698976082654,28.119732529885884,33.86920279666846,1015.8991117403766,0,0.0,225.24962598477148,urban,silt,0.5632882178455393,0.26529922319733057,85.88711327903619,-0.11789306703790783,0.23517182004251685,0.528357721930738,1
7,96.35542273827647,5.738486330579945,0.0,0.0,91.38564964710729,30.048009806399566,89.47998974312239,1007.7910709609623,0,0.0,225.24962598477148,urban,silt,0.5632882178455393,0.26529922319733057,0.0,-1.6638516478668752,3.3740712211556847,0.5954110149342657,1
7,137.64090697782876,-36.92658350554066,25.947645333533245,0.0,89.49355280060574,10.786429881150653,75.20591427229003,1028.7737087008804,0,0.0,225.24962598477148,urban,silt,0.5632882178455393,0.26529922319733057,190.92583325430377,-0.3859627355213792,8.910575409924144,0.6353676672259729,1
7,110.82586393451642,-11.6436106713246,0.0,30.174906821809678,149.37497366747792,16.75012491162535,32.27386174002408,1002.6523022194643,0,0.0,225.24962598477148,urban,silt,0.5632882178455393,0.26529922319733057,0.0,-1.296920021884836,1.1568116217064537,0.5550616168823878,1
7,106.90948111427363,-8.978677033486942,0.0,3.379147818166028,106.71751165303657,16.008072018620766,53.319501885298955,1017.2591096710141,0,0.0,225.24962598477148,urban,silt,0.5632882178455393,0.26529922319733057,0.0,-0.9732623763785383,0.05102800195466341,0.5181896312882648,1
7,113.82714767881916,-13.211677141162317,0.0,7.962809846322315,138.79578786743113,20.1007487582115,74.0927909145763,1003.9954202203055,0,0.8474516354558592,225.24962598477148,urban,silt,0.5632882178455393,0.26529922319733057,0.0,-0.8915906276536341,2.5186116841472685,0.5740144534356317,1
7,103.99968856696272,-2.4954266687074416,0.0,0.0,105.31270150833426,15.839477078046656,77.83899176921017,1004.5354550873135,0,0.0,225.24962598477148,urban,silt,0.5632882178455393,0.26529922319733057,0.0,1.3243375078949993,7.49317748574606,0.5844863377802124,1
7,101.47039279079213,2.514338536899757,0.0,5.812650446034815,91.5283703564379,11.79518863613673,36.127938563430845,1008.4264293103571,0,0.0,225.24962598477148,urban,silt,0.5632882178455393,0.26529922319733057,0.0,-1.6481182373760757,5.072931266307337,0.5302665912525281,1
7,122.75667612456512,-24.588743613980313,17.064735245531008,0.0,122.25524696559852,33.03493970000491,71.57508760808403,1027.5865752293766,0,0.0,225.24962598477148,urban,silt,0.5632882178455393,0.26529922319733057,74.13070308964225,3.089682924836517,3.0204871317778363,0.5926699288871174,1
7,107.90836022272293,-6.235921084620223,0.0,41.210970799896764,94.02220983487231,22.206028235835763,46.82776822808279,1016.4704645759687,0,0.0,225.24962598477148,urban,silt,0.5632882178455393,0.26529922319733057,0.0,-0.2864908912900304,0.8464401182800642,0.5706845983392392,1
7,106.43101946273416,-7.3606370231461815,8.244956993180606,0.0,92.92907173669734,12.81744651095813,34.700187360231446,1003.1208216635898,0,0.0,225.24962598477148,urban,silt,0.5632882178455393,0.26529922319733057,15.066478594254212,-1.656587520696798,0.6009927937302754,0.5246217141521059,1
7,130.96832803844066,-30.548955911291685,32.60858710039417,0.0,106.44471486530007,15.444977877910539,51.2680014325304,1017.3374760934854,0,0.0,225.24962598477148,urban,silt,0.5632882178455393,0.26529922319733057,96.6993921230951,-3.128409802693937,0.9357440232045677,0.5768892309200166,1
7,105.64918159563676,-5.1721837442906535,0.0,0.0,97.66598355937829,32.36776138567164,46.15484013083436,1030.8168478646685,0,0.0,225.24962598477148,urban,silt,0.5632882178455393,0.26529922319733057,0.0,-0.5810068379539498,0.39446110957498054,0.5075122051132788,1
7,109.88938271507826,-8.970974351879198,0.0,0.0,107.86488434749934,13.76842482577921,70.33634770223492,1009.8960386352448,0,0.0,225.24962598477148,urban,silt,0.5632882178455393,0.26529922319733057,0.0,4.302205440579658,3.851430256915627,0.5585558079597706,1
7,115.30739794012942,-17.068030290145355,3.2707679221995276,0.0,118.32980397363954,20.48474594920973,41.58786254093265,1017.0607916662993,0,0.0,225.24962598477148,urban,silt,0.5632882178455393,0.26529922319733057,20.790347957355834,1.346267384465937,1.525427023533765,0.5174466386995542,1
7,106.34070225072624,-9.59248630547523,0.0,0.0,105.46507599601107,14.358917691271792,81.45230408045181,1016.3419894317177,1,0.0,225.24962598477148,urban,silt,0.5632882178455393,0.26529922319733057,0.0,-0.15373081400732405,6.567365806626183,0.588935527365336,1
7,113.79606519743292,-17.71361252002411,0.0,0.0,143.98724825219847,30.623673236513937,45.41002369115395,1009.6591079290477,0,0.0,225.24962598477148,urban,silt,0.5632882178455393,0.26529922319733057,0.0,1.3984248773439731,8.038206552615984,0.5304434414424019,1
7,105.57394224260149,-5.914511306253092,0.0,0.0,94.74826827269904,23.775783817003926,39.402568630453494,1018.1475802018008,0,0.0,225.24962598477148,urban,silt,0.5632882178455393,0.26529922319733057,0.0,-1.7109653918511627,1.3681380519663409,0.5104332359404529,1
7,102.790962055921,-5.0163712459340015,0.0,37.67221894072699,113.38981997710826,14.808578911875536,47.596979282738914,1005.9928333945924,0,0.0,225.24962598477148,urban,silt,0.5632882178455393,0.26529922319733057,0.0,-0.3339176613059004,5.8178944999950835,0.5802908336956296,1
7,105.12109822573609,-6.830347509246223,0.0,11.246223936650393,108.51320387014474,15.197208852624927,82.0211158614218,998.9177323169255,0,0.0,225.24962598477148,urban,silt,0.5632882178455393,0.26529922319733057,0.0,0.56626164463905,0.5102819531442399,0.5887712352718057,1
7,107.61224344659729,-12.54837895520868,0.0,0.0,126.93242240471696,26.63010258702668,76.32667019230573,1024.5288804512875,0,0.0,225.24962598477148,urban,silt,0.5632882178455393,0.26529922319733057,0.0,-0.15584547135703172,2.7478715803222196,0.567225776910132,1
7,107.72730571406035,-3.7554161618843347,0.0,12.07713102674093,119.85223108690595,12.848454578199632,35.45685799748595,1005.4561714063569,0,0.0,225.24962598477148,urban,silt,0.5632882178455393,0.26529922319733057,0.0,1.2867003591395025,5.704847471282158,0.5415590607385118,1
7,100.76910054952485,-1.300757280818835,0.0,0.16539727374453683,149.07182313893293,16.787105437496464,32.5332036579475,1012.8213784511227,0,0.0,225.24962598477148,urban,silt,0.5632882178455393,0.26529922319733057,0.0,2.582937778130727,1.5350153000268085,0.5111819635952511,1
7,129.4780698128829,-29.367728537139964,44.13782736548535,0.0,128.99944918974344,11.399138931550176,62.91997271986019,1024.9662712082725,0,0.0,225.24962598477148,urban,silt,0.5632882178455393,0.26529922319733057,119.49018507924923,-0.2185530244367805,3.361388484553398,0.6305285874089052,1
7,109.43257315404654,-14.913425998116399,0.0,0.0,144.01633954387836,23.343016533802015,52.00123317391855,1018.2122999064454,0,0.0,225.24962598477148,urban,silt,0.5632882178455393,0.26529922319733057,0.0,-1.997301380695614,4.931872960261713,0.5251269070131761,1
7,100.48099265013765,-2.689043917082422,0.0,1.33851498695155,116.6066333576922,31.23555673637225,70.02985313738033,1014.464142918426,0,0.0,225.24962598477148,urban,silt,0.5632882178455393,0.26529922319733057,0.0,-0.9571085334354366,2.5783031504169713,0.5561312099909929,1
7,102.84492307373323,-5.84002099605355,0.0,0.0,120.93284966445964,33.15535263496422,82.97550550394425,1027.153481469983,0,2.4662567920567855,225.24962598477148,urban,silt,0.5632882178455393,0.26529922319733057,0.0,-1.619426614503452,2.9168611563570748,0.5810304162615136,1
7,108.37952708523531,-8.903994224001021,0.0,10.959855766310216,89.46582565955993,12.756918206914172,54.92808659202804,1012.6712551484757,0,0.0,225.24962598477148,urban,silt,0.5632882178455393,0.26529922319733057,0.0,-0.8531992725720742,0.6235907911824294,0.5344955509916225,1
7,104.38218192567227,-3.371659239323867,0.25342897034286765,0.0,130.77969228663287,28.48544784164664,41.76827343068959,1009.0959081357837,1,0.0,225.24962598477148,urban,silt,0.5632882178455393,0.26529922319733057,1.5202574894889735,-4.675454281054042,5.4630929562841315,0.523224958594092,1
7,116.37763753624651,-12.505083310957383,11.286390943294018,0.0,106.36209896792298,19.001637338768205,57.334949854476974,1007.7959700976055,0,0.0,225.24962598477148,urban,silt,0.5632882178455393,0.26529922319733057,64.49607157787351,-4.711406980254716,7.872931788811711,0.5671902987465309,1
7,103.58930291484951,-1.1226185539479183,0.0,8.326909420330068,131.32421609124484,14.426773047898493,66.43394201818084,1014.3451567159461,1,0.0,225.24962598477148,urban,silt,0.5632882178455393,0.26529922319733057,0.0,-1.0690551798748953,0.4625565449107112,0.5530747395861428,1
7,102.11600821403401,-0.494180668802618,0.0,0.0,155.51028779136143,19.04113319387549,69.08945374380542,1022.1540297048493,0,0.0,225.24962598477148,urban,silt,0.5632882178455393,0.26529922319733057,0.0,-1.853848172199216,8.39818616710631,0.5697022877734836,1
7,110.08431672552477,-9.961125014779418,1.8571730228605365,27.429856070564217,153.34691139066643,16.82304318831842,41.02797028168673,1017.5539194410252,0,0.0,225.24962598477148,urban,silt,0.5632882178455393,0.26529922319733057,7.625439797973929,-2.5187425499319263,2.0211164518759324,0.557251301291749,1
7,102.69637341653196,-6.699785419983022,0.0,0.0,140.8411530442607,27.81444858118152,71.27184852446382,1003.3187140214767,0,0.0,225.24962598477148,urban,silt,0.5632882178455393,0.26529922319733057,0.0,-1.0201731534379566,3.005050603159459,0.5578876706429599,1
8,110.78945288340219,-12.510329819535858,0.0,0.0,131.48875985721287,33.970023856471194,43.39113127893944,1038.7275238924447,0,0.0,192.70825126995805,rural,silt,0.24102546602601171,0.3193250444042839,0.0,-1.889739544591509,0.6197896625294812,0.4759619155901896,0
8,112.68480845919306,-15.169810133031838,0.0,3.0221313576905255,137.02914648503378,20.29899199739497,72.49696810668509,1019.4579764160371,1,0.0,192.70825126995805,rural,silt,0.24102546602601171,0.3193250444042839,0.0,-1.5485398448081094,1.1183328590172206,0.5269846784295588,1
8,111.88743134379037,-11.79984804806415,0.0,4.573731248647766,92.69553381219845,10.046818597979215,52.79220339201122,1020.7641491863843,0,0.0,192.70825126995805,rural,silt,0.24102546602601171,0.3193250444042839,0.0,0.23691909747844073,5.659431892662992,0.5035258459375842,1
8,106.84923146440732,-6.649255136876221,0.0,0.0,103.88132774718147,24.040813332109494,75.03254560019153,1011.6466576607689,0,0.0,192.70825126995805,rural,silt,0.24102546602601171,0.3193250444042839,0.0,-0.8901146877745061,2.7094641023795294,0.5322960301101227,1
8,117.16664746894506,-18.515339122137657,14.909941363350038,0.0,97.87405570290446,14.678625786555653,62.7714933219728,1012.3480111565018,0,0.0,192.70825126995805,rural,silt,0.24102546602601171,0.3193250444042839,134.31969020408192,-0.8431646228805855,5.225280726156029,0.5451412581517149,1
8,119.94279884391159,-15.96273981687324,0.0,0.0,89.54116618405658,22.72784231222198,66.10871333566872,1014.1389757199848,0,0.0,192.70825126995805,rural,silt,0.24102546602601171,0.3193250444042839,0.0,2.112576967492246,1.9876387828657696,0.5122828896225359,1
8,113.59150319621939,-11.860385664871421,0.0,0.4911854439295078,125.2540468325288,17.836882248352538,73.23003359989782,1008.4110091220912,0,0.0,192.70825126995805,rural,silt,0.24102546602601171,0.3193250444042839,0.0,-0.2848414701751301,4.618889263219885,0.5351560597579507,1
8,119.54095801857714,-20.859606288131477,0.0,0.0,122.89881559891775,30.68614339949033,31.603139739370704,1007.5837923669081,0,0.0,192.70825126995805,rural,silt,0.24102546602601171,0.3193250444042839,0.0,2.109784825103494,4.720210740745423,0.48826317882483744,0
8,106.51398800783048,-7.495733797617609,0.0,8.733752419447121,115.58763486657884,17.33696443397536,43.74557080323353,1039.323862046775,0,0.0,192.70825126995805,rural,silt,0.24102546602601171,0.3193250444042839,0.0,-1.638683185469147,5.792359982366638,0.5045802551788717,1
8,114.53394402513553,-11.247401369763656,0.0,0.0,102.62151803511232,25.0327090953676,76.29221882866699,1014.9346537098824,0,0.0,192.70825126995805,rural,silt,0.24102546602601171,0.3193250444042839,0.0,2.2129143045892885,1.2292415872199167,0.5303747090215949,1
8,105.43848988100694,-4.2141466437697765,0.8519921158246808,7.775721535195908,111.91083730221402,15.860143610206475,64.6134665341738,1013.7166855388025,0,0.0,192.70825126995805,rural,silt,0.24102546602601171,0.3193250444042839,1.344154552929129,-2.1757860242185165,3.4212109025762176,0.5269606789131206,1
8,120.9212868892252,-21.44250355389312,10.446127219112547,0.0,154.34235640251066,25.394813802534635,71.19624727042515,1013.8720499203727,0,0.0,192.70825126995805,rural,silt,0.24102546602601171,0.3193250444042839,122.8395422382149,-3.8767821225244306,0.6348454003989373,0.5392918317828733,1
8,113.9183700165232,-16.18050727639314,0.0,0.0,126.58797022322103,32.189724767971455,66.81539684102134,1013.0022394799579,0,0.0,192.70825126995805,rural,silt,0.24102546602601171,0.3193250444042839,0.0,3.9704256376731037,3.2822946015103094,0.5175802240891747,1
8,101.99818188358005,-2.1224540165186623,0.0,0.0,113.4502973498897,22.747314393271793,86.09675162972553,1012.1383789590051,0,0.0,192.70825126995805,rural,silt,0.24102546602601171,0.3193250444042839,0.0,-1.7907690843831177,7.930475961594556,0.5700874777468359,1
8,116.94577460277421,-19.2896424612206,0.0,0.0,104.58239610697775,20.76791554020026,62.61069397146269,1031.6852718807309,0,0.0,192.70825126995805,rural,silt,0.24102546602601171,0.3193250444042839,0.0,-2.0787432118619593,4.341403658999802,0.5123481455225259,1
8,104.96970786760224,-7.893928777993068,0.0,0.0,155.1708549372263,30.310062100782883,60.97140851059258,997.8542649094144,0,0.0,192.70825126995805,rural,silt,0.24102546602601171,0.3193250444042839,0.0,-1.5616291941658245,11.057017879651012,0.5292164172627394,1
8,117.90400892319562,-16.591195792215675,0.0,0.0,113.24451183662582,25.183909586943592,42.035727952053165,1029.293185174416,0,0.0,192.70825126995805,rural,silt,0.24102546602601171,0.3193250444042839,0.0,-2.27649189211986,3.590993802528809,0.4848755280101876,0
8,112.99422148139577,-15.571404898150954,0.6991151278647336,0.0,166.25657537035391,26.470867508970954,53.7513985086012,1012.7428092781944,0,0.0,192.70825126995805,rural,silt,0.24102546602601171,0.3193250444042839,2.689833531974647,1.6522912320810312,1.60826329795793,0.4878283637694069,0
8,107.4244974859958,-7.579463034659573,0.0,30.575559222384776,151.34239340463355,18.662376579420624,80.33590490612161,1008.3285930168211,0,0.0,192.70825126995805,rural,silt,0.24102546602601171,0.3193250444042839,0.0,-0.3252885795542872,1.6929154544318084,0.585716441611717,1
8,113.76912022630678,-13.987506415307887,0.0,8.580053568920874,118.67196424837091,28.6936455233157,89.3382387199052,1006.2808268953501,0,0.0,192.70825126995805,rural,silt,0.24102546602601171,0.3193250444042839,0.0,2.5627667962472698,9.448517418107727,0.5939946566501161,1
8,115.83188604362715,-13.126367982397625,1.8991794420426928,0.0,97.92072522206834,34.76413031891837,48.225621608372784,1010.1445837469278,1,0.0,192.70825126995805,rural,silt,0.24102546602601171,0.3193250444042839,10.204848150632928,1.5229794778787225,6.102149547944325,0.4962073541305195,0
8,117.53307028028324,-17.321529513234996,0.0,0.0,135.66254656040974,16.263610606783004,51.69973418232008,997.7140870374071,0,0.0,192.70825126995805,rural,silt,0.24102546602601171,0.3193250444042839,0.0,-1.3700368858701284,8.965571638037481,0.5043987298813537,1
8,123.9497629656366,-24.31288080882706,23.363394993024436,4.063636151693672,123.30842545676886,31.40238330590959,40.88249160350633,1015.4543272422378,0,0.0,192.70825126995805,rural,silt,0.24102546602601171,0.3193250444042839,91.32655598992545,1.3066286284290816,0.947868477413279,0.5297683962484303,1
8,118.6283547646607,-20.401633103069894,0.0,0.0,93.53430891510324,13.025392918716221,90.44901090371876,1001.2142721522982,0,0.0,192.70825126995805,rural,silt,0.24102546602601171,0.3193250444042839,0.0,-0.2823811641806738,12.95847360654781,0.5938759892296821,1
8,117.15386469413093,-12.295995217977122,24.443913695378836,0.0,121.26026164898673,16.0842428351594,38.39695465756871,1015.2280210171886,0,0.0,192.70825126995805,rural,silt,0.24102546602601171,0.3193250444042839,122.3956798489008,-1.0595354118460814,4.024279690900398,0.53506321306606,1
8,103.14572723532794,-6.139705213056537,0.0,0.0,118.4129708039374,29.998676214622048,84.22660773303616,994.2828488027596,0,0.0,192.70825126995805,rural,silt,0.24102546602601171,0.3193250444042839,0.0,1.3694297080997844,5.384772704389732,0.5587100801818426,1
8,117.0508406481168,-16.721287589980946,0.0,0.0,152.46412157651594,15.411077085291787,82.19043968932796,1005.5706590370872,0,0.0,192.70825126995805,rural,silt,0.24102546602601171,0.3193250444042839,0.0,0.06452962154250559,4.469166103195451,0.5518909242908434,1
8,117.34688151778349,-20.692804736857756,0.0,0.0,106.8594319291878,21.39706471060257,91.96156562185422,1025.4591384861847,0,0.0,192.70825126995805,rural,silt,0.24102546602601171,0.3193250444042839,0.0,0.0924232073418343,3.744680569029634,0.5692597195533985,1
8,107.98972320166648,-5.88794671977274,0.0,2.5040187624343737,99.56114322746107,15.106618958325136,79.83625883734663,1012.804851972483,0,0.0,192.70825126995805,rural,silt,0.24102546602601171,0.3193250444042839,0.0,-1.535476037258764,3.8082261946788183,0.5489557710049824,1
8,100.00188571158807,-2.21887989318164,0.0,0.0,162.4457403782908,14.667474621929319,42.89604740097157,1016.3671229542061,0,0.0,192.70825126995805,rural,silt,0.24102546602601171,0.3193250444042839,0.0,-0.7097091461484314,5.126377153348505,0.4894816780626467,0
8,109.39624939675886,-12.306033727337482,0.0,0.0,99.5870085324645,22.231805647440204,78.53690410946405,1014.4342893703732,0,0.0,192.70825126995805,rural,silt,0.24102546602601171,0.3193250444042839,0.0,-0.03832099516328358,2.621408048291476,0.5390405789664037,1
8,113.08577530763148,-10.88660637897614,0.0,0.0,92.32175157164114,32.31983391051649,94.8897051227073,1001.7490367297697,0,0.0,192.70825126995805,rural,silt,0.24102546602601171,0.3193250444042839,0.0,2.509489674675307,6.257644346069496,0.5826548898862242,1
8,136.19332862002102,-38.11893214795801,24.5954372364281,0.0,139.49772749849356,23.936863724391344,71.85624984683417,1032.6970267905112,0,0.0,192.70825126995805,rural,silt,0.24102546602601171,0.3193250444042839,99.53878683443202,3.9882474814688798,1.0827736918910291,0.5702542418447988,1
8,121.761794414648,-19.03569777209449,0.0,0.0,104.91125361789186,11.763357380933048,80.23229203601313,1015.4443534797902,0,0.0,192.70825126995805,rural,silt,0.24102546602601171,0.3193250444042839,0.0,2.1148545742282723,0.4040778658177884,0.5357793642720807,1
8,114.29086202128448,-14.906240894298286,0.0,0.0,96.18742892500035,17.163684963845427,93.1968871132112,1014.6686524744166,0,0.0,192.70825126995805,rural,silt,0.24102546602601171,0.3193250444042839,0.0,-3.807518811289187,2.4143885964556744,0.5677394866183906,1
8,130.61599758120056,-28.17038173693374,24.159970808473915,0.0,165.927169872255,17.27396076294904,81.63290140109888,1018.125436283994,0,0.0,192.70825126995805,rural,silt,0.24102546602601171,0.3193250444042839,153.4853717870037,0.857642012024296,5.4050603488128015,0.6019034720681851,1
8,110.95748590207461,-10.527633972521198,0.0,18.666909405801714,147.03168890618002,22.485114034506115,60.85730604258143,1009.6091170547318,0,0.0,192.70825126995805,rural,silt,0.24102546602601171,0.3193250444042839,0.0,-2.230493072753628,1.3915512793828813,0.5279921766346152,1
8,109.99609441184018,-11.18670580722814,1.0687815745712874,0.0,95.77269023750407,21.613461588110482,78.62716567539582,1015.8456679047453,0,0.0,192.70825126995805,rural,silt,0.24102546602601171,0.3193250444042839,12.467436222690422,-1.0356105306602323,2.554516895432913,0.5411579917888342,1
8,105.06011050426218,-7.30851069815614,0.0,26.39261217699006,101.93415450547269,31.779258299024313,47.69608986408063,1018.915710184531,0,0.0,192.70825126995805,rural,silt,0.24102546602601171,0.3193250444042839,0.0,-0.5642498862754699,3.154317553417045,0.5231544175283374,1
8,118.4814948268272,-17.095943287410726,18.83494401542762,0.0,107.4660086852344,14.81885804717599,67.35911989260129,1009.1350510967721,0,0.0,192.70825126995805,rural,silt,0.24102546602601171,0.3193250444042839,39.386097485016435,-0.6315160164341893,0.1148295015722526,0.5468351629233756,1
8,111.20794675172606,-8.264528955002275,0.0,3.1741038170537106,133.4987745800706,30.3552724595717,79.93610554701056,1005.053408158542,0,0.0,192.70825126995805,rural,silt,0.24102546602601171,0.3193250444042839,0.0,2.838128826715042,9.747950863630164,0.5679797660130933,1
8,116.70957133662704,-18.48090770463987,12.907879252873217,1.3285256627058175,147.02762754867697,27.335646050406837,46.302268612558265,1005.7120980362262,0,0.0,192.70825126995805,rural,silt,0.24102546602601171,0.3193250444042839,96.72177624318776,0.16572968373799227,2.3666833777748355,0.5090111437357308,1
8,127.83869868503555,-26.789529318940325,24.743327397523153,0.0,110.34627006170058,17.291469262523425,38.011615296807314,1015.6880493443923,0,0.0,192.70825126995805,rural,silt,0.24102546602601171,0.3193250444042839,74.3828769214057,0.6613864533137106,6.046243772308019,0.5417279327145715,1
8,111.04578215145142,-14.456197367003453,0.0,0.0,108.45146218878395,34.343705352949016,55.81491249628982,1016.3660142756216,0,0.0,192.70825126995805,rural,silt,0.24102546602601171,0.3193250444042839,0.0,-4.759628564860724,3.671199738458211,0.49674597081055544,0
8,119.58500129138437,-22.308351352311636,0.0,0.0,129.12145523680113,16.976506929498413,40.47563971325047,1010.4027882892346,0,0.0,192.70825126995805,rural,silt,0.24102546602601171,0.3193250444042839,0.0,3.46436915435513,12.169082526724633,0.5106097941827751,1
8,112.69758115551753,-14.8382222528212,0.0,0.0,157.50402374556347,23.107149584368777,56.53734030521768,1009.0167298711838,0,0.0,192.70825126995805,rural,silt,0.24102546602601171,0.3193250444042839,0.0,0.6854980108708522,2.9466864236692447,0.49601728648404425,0
8,108.2337074443969,-6.647182452486837,0.0,5.549792420411256,139.34801885657384,32.05531029543283,56.139780952670364,1035.3311591713218,0,0.0,192.70825126995805,rural,silt,0.24102546602601171,0.3193250444042839,0.0,0.6992306620567705,0.6674970953068573,0.4967092884244793,0
8,121.93680139581022,-22.853512581301633,0.0,16.627331111138904,90.21559546621974,15.115636813975495,74.38442229187844,1008.5530886664952,0,0.0,192.70825126995805,rural,silt,0.24102546602601171,0.3193250444042839,0.0,0.1830912880894563,3.726261144091022,0.5589911712853395,1
8,106.6166704297406,-6.120059478268626,0.0,27.31620212775891,129.40485291913402,19.42483088416587,89.91995747060602,1007.118914010757,0,0.0,192.70825126995805,rural,silt,0.24102546602601171,0.3193250444042839,0.0,1.8884296805036287,0.9758102357090901,0.5978441954425788,1
8,115.29408425318711,-14.05240075712043,0.0,0.0,102.67407282068757,11.195276592561994,46.01989152643783,1014.5984604971279,0,0.0,192.70825126995805,rural,silt,0.24102546602601171,0.3193250444042839,0.0,0.6505033517086881,5.8963157928961465,0.4917914939812896,0
8,111.7125423790576,-11.29258381754203,0.0,8.414498560960809,156.39198366244338,13.768310182411758,48.12444293254454,1003.1783304951507,0,0.0,192.70825126995805,rural,silt,0.24102546602601171,0.3193250444042839,0.0,2.210962704684229,12.383407780150112,0.5238745177844927,1
8,169.9053151036758,-69.45449481841582,45.040221680720656,0.0,110.49632404884848,24.434981678327276,90.67762198565828,1001.6477464411156,0,0.0,192.70825126995805,rural,silt,0.24102546602601171,0.3193250444042839,472.60565253920373,0.24875224460185902,7.990554478758795,0.6695098973716354,1
8,119.21553857545484,-18.68657777330857,0.0,0.0,135.95471266119472,18.304336488283926,30.598368380391793,1015.2474211958217,0,0.0,192.70825126995805,rural,silt,0.24102546602601171,0.3193250444042839,0.0,-1.7562434072109052,4.924730625585162,0.4888767384793567,0
8,117.04360863840546,-18.528926969950216,6.328494070439186,8.283522583859462,160.60969252422174,22.44845133489016,55.92437996458412,1001.6695765262253,0,0.0,192.70825126995805,rural,silt,0.24102546602601171,0.3193250444042839,12.942650217008794,-0.37314650611072936,10.855964305312476,0.5436014714643743,1
8,143.48174623926516,-46.82655529088987,35.7592322986579,36.41163464837311,109.01050830176523,29.31316057906486,47.25575962484718,1013.005599923397,0,0.0,192.70825126995805,rural,silt,0.24102546602601171,0.3193250444042839,53.43361450738983,-1.1438570923968656,4.076620834045071,0.6124683256746118,1
8,113.55192254038737,-16.32568148144142,0.0,0.0,94.1892625939812,12.491528818281216,57.23458954516502,1000.3715475023164,0,0.0,192.70825126995805,rural,silt,0.24102546602601171,0.3193250444042839,0.0,2.9489640147565113,2.0430537378195863,0.49470088690638997,0
8,114.75110775602845,-19.750072812581152,0.0,0.0,103.96695044211513,18.446347142382592,35.06155417991381,1002.675350240319,0,0.0,192.70825126995805,rural,silt,0.24102546602601171,0.3193250444042839,0.0,-2.354063262906142,7.811772546866148,0.4975378642431996,0
8,104.43888298900762,-3.538245335446176,0.0,7.8134559680425655,165.99267859749543,29.262233962532406,92.78676333231728,1025.0700323875255,0,0.0,192.70825126995805,rural,silt,0.24102546602601171,0.3193250444042839,0.0,2.0893324713508137,3.0679928586900402,0.5806002357953697,1
8,104.92285802401273,-4.550721159071632,0.0,0.0,138.50713190157396,24.823856823185082,37.84799292608412,1011.013308661771,0,0.0,192.70825126995805,rural,silt,0.24102546602601171,0.3193250444042839,0.0,-1.2045727093368213,2.7435817067413386,0.4823332917228252,0
8,107.20026354507485,-5.268012894014225,0.0,7.445875818250329,121.94593265317303,34.22254292785095,75.14949475573735,1009.1722159829044,0,0.0,192.70825126995805,rural,silt,0.24102546602601171,0.3193250444042839,0.0,1.3146421902390781,1.571337109005917,0.5402843611684691,1
8,106.93481821808099,-4.905029533954973,0.0,0.0,133.07447616139484,16.23380777266755,83.10391975258952,1006.0380152769582,0,0.0,192.70825126995805,rural,silt,0.24102546602601171,0.3193250444042839,0.0,0.3606773813277749,6.716046952919504,0.5604585269665386,1
8,105.79695409828392,-8.489506344747639,0.0,0.0,139.56894846030718,18.906206327189594,73.79379200682581,1011.2744874248514,0,0.0,192.70825126995805,rural,silt,0.24102546602601171,0.3193250444042839,0.0,-2.554742267101236,4.554535175168747,0.535353736141759,1
8,103.84357738622616,-7.7471303534165195,0.0,0.0,113.7651317851533,11.513806406031515,74.64337903949924,1010.0314510626803,0,0.0,192.70825126995805,rural,silt,0.24102546602601171,0.3193250444042839,0.0,-3.885141142874813,11.798071295500518,0.5587835185681012,1
8,118.54321961519621,-16.12823711664713,0.0,0.0,139.05249688657756,31.82183214417815,56.617258092460865,1008.6742424287692,0,0.0,192.70825126995805,rural,silt,0.24102546602601171,0.3193250444042839,0.0,0.5240331487169515,4.667114772379321,0.5013384071046608,1
8,109.80511484877196,-9.44777529833382,0.07100776299236654,0.0,157.076426493305,14.2608300469999,52.910080985950586,1008.5034980615719,0,0.0,192.70825126995805,rural,silt,0.24102546602601171,0.3193250444042839,1.1470430664291076,-0.7355040070294393,3.8308879881060927,0.49155738806480537,0
8,110.65609952968022,-11.216321545180232,0.0,6.39650519332201,133.00644449697288,20.83452120287352,59.829574079417796,1006.8397245628205,1,0.0,192.70825126995805,rural,silt,0.24102546602601171,0.3193250444042839,0.0,-1.329401810302028,0.6053771619527694,0.505172584037278,1
8,115.37238387097051,-13.524361756456164,0.0,21.8313115835668,152.51510019021734,30.331557533766357,71.77661505846127,1037.982001179741,0,0.0,192.70825126995805,rural,silt,0.24102546602601171,0.3193250444042839,0.0,-0.5703768934873189,4.78758888821663,0.5647655107595239,1
8,111.07695898731048,-14.40012096566646,0.0,0.0,131.25380393809763,22.943516427611556,30.57035907902466,985.326745773976,0,0.0,192.70825126995805,rural,silt,0.24102546602601171,0.3193250444042839,0.0,-1.8891534398418173,3.279419953456948,0.48394080646297205,0
8,138.23292503195347,-41.771100496025184,36.08162942296357,28.5862405975684,122.97833525215533,28.966847117169525,36.342646022457515,1008.0917352008595,0,0.0,192.70825126995805,rural,silt,0.24102546602601171,0.3193250444042839,142.61050844407953,-0.13090795684434287,5.814388468735778,0.6065883317510882,1
8,127.22776187279642,-26.223341781382405,30.030529273245573,9.62031238890355,153.86832697753763,28.24217014485763,43.61284509903068,1004.9619655234363,0,0.0,192.70825126995805,rural,silt,0.24102546602601171,0.3193250444042839,156.07095339900357,0.002934742884221058,9.688950780907478,0.5776609260751701,1
8,109.16032325222099,-11.286840625283547,0.0,0.0,127.32022894418999,29.94828418778289,66.98305219448066,1007.2629685570735,0,0.0,192.70825126995805,rural,silt,0.24102546602601171,0.3193250444042839,0.0,-1.1830317393411347,9.808147366490896,0.5374930930910351,1
8,107.86592982020281,-6.298998523553339,0.0,0.06737649330115993,128.27328058479392,27.620904937933414,40.101073368036005,1020.7567529961569,0,0.0,192.70825126995805,rural,silt,0.24102546602601171,0.3193250444042839,0.0,4.2706422479519155,1.682724606045555,0.4792517851606896,0
8,108.83675917616135,-9.953599513136417,0.0,0.0,140.17590069110284,20.95079457836174,80.43830406874272,1005.6998847713552,0,0.0,192.70825126995805,rural,silt,0.24102546602601171,0.3193250444042839,0.0,2.3544175748338296,9.170672821811953,0.5624911732055224,1
8,124.39893075356593,-26.858696984139016,24.16965995108656,0.0,99.48756645193014,12.852868929669464,45.633282756359904,1008.3027020351041,0,0.0,192.70825126995805,rural,silt,0.24102546602601171,0.3193250444042839,144.47044974118506,-3.925060989041843,2.3702653651790317,0.5295526626003113,1
8,110.22295256196979,-12.482287480590864,0.0,0.0,124.7841127275101,16.792365404231482,52.87382862431295,1001.6901261151442,0,0.0,192.70825126995805,rural,silt,0.24102546602601171,0.3193250444042839,0.0,1.586790403551115,1.803832065981711,0.4852617000491722,0
8,144.9304944067038,-42.68052019394346,47.69772578149687,49.08232082728388,149.99441091475728,31.872049186053605,75.92442609970742,1012.7920216946779,0,0.0,192.70825126995805,rural,silt,0.24102546602601171,0.3193250444042839,285.365318077597,0.6824532653849682,1.6126313162798367,0.6998082255547751,1
8,112.12617682368828,-10.77484791717433,0.0,27.165987145711373,152.71527958476912,26.127067299169656,53.79100019347193,1008.4160163678721,0,0.0,192.70825126995805,rural,silt,0.24102546602601171,0.3193250444042839,0.0,0.45914528214850625,3.6218181590173035,0.5332989821851639,1
8,115.40720488919193,-15.308410195361162,0.0,11.311401421426554,91.43231015253075,11.012517162047988,69.82345443306616,1011.8916046280727,0,0.0,192.70825126995805,rural,silt,0.24102546602601171,0.3193250444042839,0.0,0.9255747730566155,6.278259592602174,0.5495513363786798,1
8,119.22976195406352,-16.490199750138764,0.0,3.2963950350555797,163.37157811915588,23.458487258750406,73.67714913216929,1027.224229552858,0,0.0,192.70825126995805,rural,silt,0.24102546602601171,0.3193250444042839,0.0,-1.7228868589285729,0.4874446951184842,0.5278637715048785,1
8,133.08413817551354,-31.785842733372704,31.321452282645467,6.239947128629756,114.33302394414012,20.610847221439478,39.46190431241257,1030.184396156027,0,0.0,192.70825126995805,rural,silt,0.24102546602601171,0.3193250444042839,118.37454682797856,-0.01672157454291352,4.879184458119089,0.560742925235194,1
8,110.94076797069407,-13.495603866958838,0.0,0.0,104.38310324686718,12.85807785297813,78.11981139913883,1015.974006913911,0,0.0,192.70825126995805,rural,silt,0.24102546602601171,0.3193250444042839,0.0,1.2102660315178988,1.4014135653859037,0.5345464100970365,1
8,112.98596957714149,-13.43374408785391,0.0,0.0,160.54139508284115,34.334479894377935,47.04065417657196,1023.1044188282654,0,0.0,192.70825126995805,rural,silt,0.24102546602601171,0.3193250444042839,0.0,-0.07626913764928074,1.0526747017649598,0.477260570707896,0
8,109.01066638605556,-9.21235602281248,0.0,0.0,157.04855952790513,28.656651533305126,44.2374935067338,1018.23951873938,0,0.0,192.70825126995805,rural,silt,0.24102546602601171,0.3193250444042839,0.0,-0.6292028948840978,7.650928118982804,0.4970553309595496,0
8,119.55024213046497,-20.18564959259858,0.0,0.0,158.23719402953938,19.03975666050774,90.60927737024181,1013.2660312125356,0,0.0,192.70825126995805,rural,silt,0.24102546602601171,0.3193250444042839,0.0,-0.46373701325157984,1.7100867290238753,0.5604513615301564,1
8,111.3589107767477,-13.937659492527406,0.0,0.0,150.4619467823261,33.547763621287,87.00427401330906,1012.6250922827518,0,0.0,192.70825126995805,rural,silt,0.24102546602601171,0.3193250444042839,0.0,-3.359005585826807,6.041517578296664,0.5662356473641093,1
8,119.3317213079347,-19.295259313660466,11.804136113532053,2.458303115115638,136.8788914441221,15.986619488361669,86.38126735959689,1005.8637110679554,0,0.0,192.70825126995805,rural,silt,0.24102546602601171,0.3193250444042839,40.83095231939232,-1.1631615264544362,4.277638439703119,0.5869937235406418,1
8,113.30484731619694,-17.65030636260227,0.0,5.517111279599552,99.03056084712611,29.020188535776928,85.30072487099433,1032.8641057627326,0,0.0,192.70825126995805,rural,silt,0.24102546602601171,0.3193250444042839,0.0,4.146028806007046,2.1658709299240213,0.5594772760537612,1
8,110.24470679945325,-9.999248984042287,0.0,0.0,100.79878795003584,34.625846125148996,87.80355503482711,1011.7545152031357,0,0.0,192.70825126995805,rural,silt,0.24102546602601171,0.3193250444042839,0.0,0.10210301348669605,3.4828317172877084,0.5601581518241185,1
8,109.92353114162174,-9.784458495447813,7.6291739804811805,0.0,125.25397209500355,20.473521052003193,80.65685724576664,997.8447353861441,0,0.39878061153530425,192.70825126995805,rural,silt,0.24102546602601171,0.3193250444042839,28.16933636371881,0.47313778682644747,2.0752315430477473,0.55690030368424,1
8,124.6772122825504,-19.009427818675515,25.269137726120004,0.0,149.08181634474028,31.323108954461244,80.62802193166716,1010.8805107067606,0,0.0,192.70825126995805,rural,silt,0.24102546602601171,0.3193250444042839,131.15262549029882,2.1989275427913064,1.758300919171076,0.5911717686756888,1
8,113.16452160442553,-9.407966900937158,0.0,0.0,149.83901005277113,22.318722403233444,87.7989108725724,1017.9722023844337,0,0.0,192.70825126995805,rural,silt,0.24102546602601171,0.3193250444042839,0.0,2.632689675039039,14.543303722402518,0.5933302795149535,1
8,115.92023542043293,-18.476135191075326,0.0,13.843421909715335,103.56426035458831,16.830087651255813,56.584122742699236,1018.7236694157765,0,0.0,192.70825126995805,rural,silt,0.24102546602601171,0.3193250444042839,0.0,1.5054173872123697,3.9163510846836473,0.5197849782066235,1
8,108.25127079589123,-6.029915427783046,0.0,11.854095573732266,106.20941621230354,23.560253216957715,54.12225814547823,1022.1371165234259,0,0.0,192.70825126995805,rural,silt,0.24102546602601171,0.3193250444042839,0.0,2.352021970395413,5.673843074333825,0.5171497354771575,1
8,108.25505963299457,-6.074024283509235,0.0,0.0,100.54908205790782,23.82594609974003,72.16692221006886,1014.0980735285693,0,0.0,192.70825126995805,rural,silt,0.24102546602601171,0.3193250444042839,0.0,0.3695373004980478,1.2395801287150443,0.5221551314088839,1
8,108.90406136799648,-6.049760872069596,0.0,0.0,145.0852811135217,12.755822718030817,81.30967617502509,1023.7859511611188,0,0.0,192.70825126995805,rural,silt,0.24102546602601171,0.3193250444042839,0.0,-0.2611509145903426,2.3066535651771085,0.5436418596481826,1
8,116.35234020425443,-14.185816651665824,2.6363751881876842,0.0,119.04608953907952,15.091216028081934,71.85986698598077,1003.5722475976953,1,0.0,192.70825126995805,rural,silt,0.24102546602601171,0.3193250444042839,13.394993629060057,1.6364532329192303,0.7276037153275634,0.5252778420969207,1
8,103.27434042445444,1.7724062383446793,0.0,0.0,113.14198945106395,23.340060038135697,38.72930268568713,1011.7950258610064,0,0.0,192.70825126995805,rural,silt,0.24102546602601171,0.3193250444042839,0.0,2.2883169435838298,7.891451880752053,0.4977769022448573,0
8,105.05089488166428,-6.548518223711431,0.0,40.418375568359515,164.79463508835798,13.134472102704692,40.43625769960606,1039.024798748743,0,0.0,192.70825126995805,rural,silt,0.24102546602601171,0.3193250444042839,0.0,-0.6988499012714148,4.515290833684665,0.5482759824561944,1
8,118.89215209544432,-16.241151656001804,15.441290355029992,0.0,132.15181125013973,12.6395678226107,94.44112109822474,1003.2881013086201,0,0.0,192.70825126995805,rural,silt,0.24102546602601171,0.3193250444042839,55.96722907069251,-4.7575238545174034,7.353812371603587,0.6159288066239214,1
8,126.22153877773437,-24.752119442588377,13.728513627839897,0.26312554345507966,120.7793298421964,33.15568625514575,52.955036148364954,1009.0234918580456,0,0.44459746392562105,192.70825126995805,rural,silt,0.24102546602601171,0.3193250444042839,18.335830816120314,3.019047985397709,14.833765343703654,0.5523656305013044,1
9,100.82394793493619,-0.953690817042908,22.21253845920554,0.0,109.6382880907459,28.49554085913991,64.97932295529453,1022.8594838331472,0,0.0,341.6317594127291,river_basin,loam,0.9093204020787821,12.199933155652419,75.72800475062205,2.7194369122896114,7.171077986784847,0.5424540872603476,1
9,84.28587417208765,14.816932081694114,0.0,0.0,107.10617337707825,34.13645446099508,82.60328218414315,1007.0878438075763,0,0.0,341.6317594127291,river_basin,loam,0.9093204020787821,12.199933155652419,0.0,-3.5186989775672575,2.4206396001961483,0.4770956288991955,0
9,94.46006308750356,-1.9749337300219274,14.828780164447554,0.0,90.87868391324233,19.06841619931209,31.10040790765978,998.4254253549144,0,0.0,341.6317594127291,river_basin,loam,0.9093204020787821,12.199933155652419,22.411795009162095,-2.208290913327838,4.78963919747634,0.4744488639008713,0
9,81.7890608959662,15.999072654873887,0.0,9.022426743187621,95.0161992210765,30.260048521474584,57.800576103250506,1027.5021937383372,0,0.0,341.6317594127291,river_basin,loam,0.9093204020787821,12.199933155652419,0.0,-1.3353693093864445,2.67151024865083,0.43544614616933874,0
9,78.5256769581352,19.009144913526978,0.0,23.169722209797833,86.17800495588483,34.71901014735654,68.60053370587704,998.4395350665357,0,0.0,341.6317594127291,river_basin,loam,0.9093204020787821,12.199933155652419,0.0,-1.5173304030855446,3.1118955923655935,0.4713143047335368,0
9,81.73710693801772,20.537399555265647,0.0,5.022880720714987,98.23973423643294,13.0808667002451,74.86370048546542,1030.1025039111732,0,0.0,341.6317594127291,river_basin,loam,0.9093204020787821,12.199933155652419,0.0,-1.989661982738548,1.1288663635790113,0.4588134222138969,0
9,79.8779899769098,17.52110956524637,0.0,14.010278725365676,66.63596050967716,33.27555697677485,74.6051632062691,1006.0431925583348,0,0.0,341.6317594127291,river_basin,loam,0.9093204020787821,12.199933155652419,0.0,-2.06017210980886,12.22884784556842,0.5003638567510411,1
9,80.90199623805563,21.018371100693066,0.0,0.0,70.64783883625633,29.768702964436905,34.90606443756188,1018.3437656284004,0,0.0,341.6317594127291,river_basin,loam,0.9093204020787821,12.199933155652419,0.0,-0.03667613326741992,0.5870515017243474,0.39780894860283894,0
9,84.97982985802847,13.210267164145245,0.0,0.0,67.20585755726049,11.732906534282922,46.7419021672186,1026.549896343416,0,0.0,341.6317594127291,river_basin,loam,0.9093204020787821,12.199933155652419,0.0,-1.8524782251771017,1.308903611713534,0.41031328464272426,0
9,86.67099129735378,16.785667463778886,6.39743987195421,11.489213012620482,94.58264642906558,16.64196163757093,90.82698904940395,1015.4245018063582,0,0.0,341.6317594127291,river_basin,loam,0.9093204020787821,12.199933155652419,24.69864581987091,0.014701349839398298,5.414202644341717,0.5385995636053171,1
9,78.90521053783367,20.67535330852067,0.0,9.964690633082224,76.83517394597725,13.110584422680333,52.4283065059337,1023.4840187314163,0,0.10087992816965799,341.6317594127291,river_basin,loam,0.9093204020787821,12.199933155652419,0.0,-3.6720105667136624,2.2058834539688017,0.4174065211323373,0
9,83.70347561336928,15.29553068694115,0.0,32.979068824874446,113.1221847840136,25.207725702588988,55.24555672495265,995.7659557928614,0,0.0,341.6317594127291,river_basin,loam,0.9093204020787821,12.199933155652419,0.0,-0.4892501660825505,4.20886453839438,0.4757368655282747,0
9,82.72431843560095,13.794858616286946,4.578288665029084,0.0,67.76011935523954,23.970430872958037,65.39718594677421,1012.6470408281132,0,0.0,341.6317594127291,river_basin,loam,0.9093204020787821,12.199933155652419,44.799699702275575,-1.619470934779623,6.256139576888379,0.4593874064063505,0
9,84.94098340421768,18.194599615373654,5.697958398810993,28.942410862717626,119.03549909319484,24.499583011302096,45.435478969478474,1020.0396467679424,0,0.0,341.6317594127291,river_basin,loam,0.9093204020787821,12.199933155652419,33.78871398988431,-2.2364638787120628,4.109607412079502,0.47342643935739576,0
9,83.69602473170688,19.489170978973824,0.0,0.0,94.15142512925163,15.079000959105223,34.39106482461966,1004.715830695497,0,1.2642808392214835,341.6317594127291,river_basin,loam,0.9093204020787821,12.199933155652419,0.0,0.07919763610427533,5.994234378083743,0.42111436768646654,0
9,78.22761667091399,23.622212667523097,3.309612163789872,5.440492645868848,102.75160388066178,22.187556965506996,53.80970444205204,1015.0069412524292,0,0.0,341.6317594127291,river_basin,loam,0.9093204020787821,12.199933155652419,4.98943585469453,0.3829122722998698,3.675776159946256,0.4226939775073721,0
9,91.98995558078784,7.842919312826439,4.888970881683997,0.0,74.40621289862568,26.042162699369992,76.60349856915201,988.8933730509186,0,0.0,341.6317594127291,river_basin,loam,0.9093204020787821,12.199933155652419,26.943084911795673,-0.13320205404394742,11.121920543044343,0.5205104726443361,1
9,105.00673799618714,-5.394727581320391,21.23544776005324,0.0,90.40183548811497,10.42157175205261,39.85469146548094,1004.387118976141,0,0.0,341.6317594127291,river_basin,loam,0.9093204020787821,12.199933155652419,41.875907823869326,-2.00945245529091,1.6462503107966686,0.5045716590855025,1
9,111.49164582926217,-14.15292613695421,33.88208320942602,0.0,69.73252162821245,19.823610984333996,73.545212240486,1013.3001384261662,0,0.0,341.6317594127291,river_basin,loam,0.9093204020787821,12.199933155652419,79.86986513570523,-0.7749773265393808,1.2358580612219974,0.5921657591476015,1
9,74.5758032932863,27.498539651777712,1.780039190795776,0.0,88.21585655751869,24.821300122305537,61.932395851850046,1000.5712841393687,0,0.0,341.6317594127291,river_basin,loam,0.9093204020787821,12.199933155652419,10.688477156087199,-0.06577139840558838,2.280371363558152,0.41427459635653324,0
9,82.94206588894467,14.428436390434486,0.0,0.0,73.74713343700196,29.13580541861929,78.37529179842052,1005.8236086238946,0,0.0,341.6317594127291,river_basin,loam,0.9093204020787821,12.199933155652419,0.0,1.0193324180000463,4.887910733880947,0.4726344226187987,0
9,89.2114062994296,14.692040041377634,1.1592805404664837,3.1847822768788383,80.96559542851325,26.008683657443427,60.43956159399729,1007.5765002638968,0,0.0,341.6317594127291,river_basin,loam,0.9093204020787821,12.199933155652419,2.4336541588902056,-1.8864855252875559,4.627276240495289,0.4589718334535387,0
9,102.57115457605494,-3.9675990407319297,18.46937067352787,46.31067568716056,77.40036056601515,22.598225193106103,74.23606509689131,1006.5297419970134,0,0.0,341.6317594127291,river_basin,loam,0.9093204020787821,12.199933155652419,50.359037261749094,-1.3522981041034339,9.627681923532736,0.634746860626648,1
9,79.66209800369056,14.350488790988194,0.0,0.0,76.54332654746821,24.548591037644577,81.0975041072036,1008.0905105026814,0,0.0,341.6317594127291,river_basin,loam,0.9093204020787821,12.199933155652419,0.0,0.4738092593506438,0.5111733209278867,0.45663273283436806,0
9,86.66722633722564,9.648711308296221,5.20015930753373,0.0,65.943057320929,26.837913186802727,57.53986161293231,1006.8448415000637,0,0.0,341.6317594127291,river_basin,loam,0.9093204020787821,12.199933155652419,25.377852628661497,-1.9319418492230729,4.06084735863165,0.448327316694964,0
9,87.46636537379308,11.650141179213069,0.0,0.0,90.15574036697612,14.799387646480946,61.7342583479505,1019.6894031879577,0,0.0,341.6317594127291,river_basin,loam,0.9093204020787821,12.199933155652419,0.0,0.1547274605681934,4.446317123794879,0.44949830667185936,0
9,95.00302522221817,8.42158415265703,0.7869900682184156,41.92455561472281,122.09452737471982,33.97983716146304,30.386214129883037,998.4889601353326,0,0.0,341.6317594127291,river_basin,loam,0.9093204020787821,12.199933155652419,2.870247457358469,0.9026950957292653,5.90596769714749,0.5139777075685024,1
9,87.40137625787398,10.70599609663043,5.730335871953195,0.0,66.3306120822485,34.84994333534178,65.3301154524871,994.2101905524618,0,0.0,341.6317594127291,river_basin,loam,0.9093204020787821,12.199933155652419,20.23200134632025,1.0285590653369647,2.594335839765105,0.4624299779126196,0
9,78.4410057200716,23.252536497944888,0.0,0.0,108.66616851322196,26.029990830803705,90.03417341856465,1007.7874519314387,0,0.0,341.6317594127291,river_basin,loam,0.9093204020787821,12.199933155652419,0.0,2.7725521641616457,5.8148791311801995,0.4873212793186134,0
9,101.12673002080093,-2.2138979009884006,8.979449964556792,3.995627658687561,69.90778945799319,10.013854614631349,69.54076109100436,1007.2731080957203,0,0.0,341.6317594127291,river_basin,loam,0.9093204020787821,12.199933155652419,42.6571877946405,-5.1140765966408965,1.9259381385191532,0.5161364703320659,1
9,83.30820243865006,16.488981901906214,0.0,0.0,107.7655049865833,27.403648123463526,87.89410871435561,1021.0986198487087,0,0.8569735694619711,341.6317594127291,river_basin,loam,0.9093204020787821,12.199933155652419,0.0,2.150781108832828,5.5524993282369195,0.49459411050734664,0
9,82.72037979693133,17.578287882608276,0.0,0.0,121.91292191736821,21.97082039579204,44.84081129680128,1000.2923121117046,0,0.0,341.6317594127291,river_basin,loam,0.9093204020787821,12.199933155652419,0.0,1.346857625507387,0.8089577030136008,0.40308492569083715,0
9,84.10799062941739,15.21795662121986,0.9366390672798421,20.565205834992398,68.2318784141923,32.312785477353785,44.75706922834746,1027.828328663859,0,0.0,341.6317594127291,river_basin,loam,0.9093204020787821,12.199933155652419,2.346737420107007,-0.02187810392017169,2.19921443236414,0.4434948769446457,0
9,82.3299924733117,19.000721101978204,0.0,0.5054221469977992,80.6825266115517,21.741208910067307,34.979235060391154,1031.9532390895217,0,0.0,341.6317594127291,river_basin,loam,0.9093204020787821,12.199933155652419,0.0,-0.7167759363546407,5.699021081252428,0.4175234763096937,0
9,84.61433787416748,12.76437055722378,0.0,37.5506620300019,87.14047963352246,29.129755074525747,68.84965694632754,1009.8829240753279,0,0.0,341.6317594127291,river_basin,loam,0.9093204020787821,12.199933155652419,0.0,-0.2997560670443366,5.561462249458638,0.5161696134270142,1
9,75.4851490442521,23.737494168840623,0.0,0.0,67.65548271781543,26.403220109180047,84.73252093435889,1023.3771661567112,0,0.0,341.6317594127291,river_basin,loam,0.9093204020787821,12.199933155652419,0.0,-0.6577789933416185,3.596638009147192,0.4625690876921756,0
9,75.69810531615315,25.68636445478337,0.0,2.430685436726409,112.56111648465419,17.28257021762876,82.55810101289137,996.5211310614316,0,0.0,341.6317594127291,river_basin,loam,0.9093204020787821,12.199933155652419,0.0,0.2742668026384328,7.028593216971327,0.472702062622187,0
9,76.45900680841049,24.279097288769442,0.0,4.326661269082621,107.29603395384143,17.1163848373398,50.65605155814615,1017.3406848718317,0,0.0,341.6317594127291,river_basin,loam,0.9093204020787821,12.199933155652419,0.0,-0.7051861941288144,3.5048616135198287,0.4030998925044971,0
9,78.54606983404413,22.361908294714958,0.0,0.0,83.75459606613148,27.160497349941046,44.03131584786676,988.0664995151732,0,0.0,341.6317594127291,river_basin,loam,0.9093204020787821,12.199933155652419,0.0,-1.3189908736768556,0.8524234034845704,0.3926319407396265,0
9,86.21122604272482,13.901789306133717,2.6274685912485127,0.0,68.7901275570568,29.939983737244713,32.27492468215907,1019.623061423683,0,0.0,341.6317594127291,river_basin,loam,0.9093204020787821,12.199933155652419,29.907592750751732,0.10240782114792904,6.14174382618952,0.43318877614526935,0
9,71.4941352669303,27.420266789635768,0.0,0.0,85.85853182605265,24.15512058767863,45.46507054592392,1009.7020174295416,1,0.0,341.6317594127291,river_basin,loam,0.9093204020787821,12.199933155652419,0.0,2.2187603340328823,0.347170342396649,0.3732369827432857,0
9,84.24125496372785,19.60319415681105,0.0,0.0,82.13603695633367,30.703129796422527,71.5041280024582,1008.7407540068243,0,0.0,341.6317594127291,river_basin,loam,0.9093204020787821,12.199933155652419,0.0,1.0939914497552712,6.639797393354815,0.4674416681213008,0
9,77.43175909804349,22.60309880787272,0.0,3.034228369936703,99.98679255795203,15.289553364262284,69.9142240072809,1029.7878380738684,0,0.0,341.6317594127291,river_basin,loam,0.9093204020787821,12.199933155652419,0.0,2.5966689795508335,5.437390840561839,0.44794145380634737,0
9,82.82024270139429,14.488259090506569,0.0,7.853555760302527,66.85136367417395,11.451583472277282,85.65586270995531,998.6192564850979,1,0.0,341.6317594127291,river_basin,loam,0.9093204020787821,12.199933155652419,0.0,0.35889678347314935,2.417218341391591,0.4912549551646053,0
9,94.1348525113965,1.1963163101732155,18.280564921753488,33.66168533228001,106.75744647252375,21.62934241641596,35.62310248108359,1004.1212081446382,0,0.0,341.6317594127291,river_basin,loam,0.9093204020787821,12.199933155652419,82.90629149525947,0.23891334681157425,5.945974860469736,0.5344894422404529,1
9,84.91911503939168,16.921904110739675,0.0,0.0,102.83482186478076,32.7811288938575,36.06091974938829,1042.452462899351,0,0.0,341.6317594127291,river_basin,loam,0.9093204020787821,12.199933155652419,0.0,0.9475447237176963,10.47359291924272,0.4376534185911695,0
9,73.25362802847336,25.328314166896696,0.0,4.190097134772811,66.61641307430847,30.217884922135994,61.924004820228745,1024.7634405617146,0,0.0,341.6317594127291,river_basin,loam,0.9093204020787821,12.199933155652419,0.0,2.2240936842064127,2.7575786505149025,0.4150623120724481,0
9,96.84518925996171,3.4472403327934047,28.299228120629365,0.0,78.67443047565051,22.874560092395146,50.91878803099019,1019.2955836606584,0,0.0,341.6317594127291,river_basin,loam,0.9093204020787821,12.199933155652419,204.15687452024963,2.011717968931715,0.93787396595487,0.4977191956988714,0
9,83.04020436537999,14.551135980262087,0.0,20.873058956318335,119.20945376645344,19.95641022892529,43.41513824613175,1008.2915016987772,0,0.0,341.6317594127291,river_basin,loam,0.9093204020787821,12.199933155652419,0.0,-0.9234900826922542,6.520015889183189,0.452338559373303,0
9,82.0307730196382,17.542703092335834,0.0,1.8205647138892072,81.98035038629105,13.238165247508809,84.79320613315662,1021.1110690445314,0,0.0,341.6317594127291,river_basin,loam,0.9093204020787821,12.199933155652419,0.0,0.17540699544866237,2.1731120429097177,0.47774624602313204,0
9,87.94339832608384,10.750859602108951,2.885494083693807,0.0,97.55956797214823,28.392437632656346,47.550161272877695,1024.607272843175,0,0.0,341.6317594127291,river_basin,loam,0.9093204020787821,12.199933155652419,13.74041717411034,3.6532941586238756,2.087235172053999,0.4259329829591731,0
9,93.23171520645283,6.277669821171562,7.042841805412302,0.0,83.85902129200215,25.218262064621214,86.95451405355666,1021.2335682947718,0,0.0,341.6317594127291,river_basin,loam,0.9093204020787821,12.199933155652419,31.01120715460307,0.8279917374430198,0.15289462382685842,0.5157614764420653,1
9,79.84474439094414,20.012084223268097,0.0,20.946301440895787,91.66694265080687,20.730269488542493,88.32703276196997,1014.4308493702799,0,0.0,341.6317594127291,river_basin,loam,0.9093204020787821,12.199933155652419,0.0,0.9784680271000711,2.359349739383379,0.5085188460601144,1
9,85.45630762238773,13.092610059662189,0.0,0.0,87.93840476072819,34.579057247785215,45.912762533468815,1003.913841120319,0,0.0,341.6317594127291,river_basin,loam,0.9093204020787821,12.199933155652419,0.0,-4.738048623162503,0.9867757766733214,0.410554944206908,0
9,82.59338012996128,20.04710580454406,0.0,0.0,100.57696713597947,27.12574873172971,42.854895795138695,1009.3608417583098,0,0.0,341.6317594127291,river_basin,loam,0.9093204020787821,12.199933155652419,0.0,1.499876785889677,8.434384756865265,0.4256392168688859,0
9,89.24215916246715,12.097609817964337,5.972062613273541,0.0,104.34302568879824,23.261575001020383,35.40758899534797,1011.0427502091612,0,0.0,341.6317594127291,river_basin,loam,0.9093204020787821,12.199933155652419,34.09705580071449,1.732042129969205,7.373155637575609,0.45125670879202934,0
9,78.25897258587824,21.01885308734802,0.0,0.0,90.06466503433394,20.465129641797876,32.8792030148045,1012.2381238870898,0,0.0,341.6317594127291,river_basin,loam,0.9093204020787821,12.199933155652419,0.0,-1.384294100752145,6.450903193893015,0.4086994849879187,0
9,86.66095483613726,12.035245976112648,5.957892107510399,0.0,108.73732814310272,29.60736761971816,89.97517395703386,1028.1379425513105,0,0.0,341.6317594127291,river_basin,loam,0.9093204020787821,12.199933155652419,25.19901678143195,1.7213708427372603,4.1643163757726755,0.5150079135162178,1
9,72.10271475375015,25.041672188081105,0.0,9.568031548288527,109.88728554071619,26.02428310305344,33.93967321265788,1015.3027231325507,0,0.0,341.6317594127291,river_basin,loam,0.9093204020787821,12.199933155652419,0.0,-1.0642587547955091,4.638324556862684,0.4020054613136687,0
9,75.56716119442805,26.161621800385277,0.0,0.0,68.99790266070782,13.405694457961225,41.770245650016165,1006.9247909007929,0,0.0,341.6317594127291,river_basin,loam,0.9093204020787821,12.199933155652419,0.0,-1.3943366296324704,6.74821867431252,0.4027667182136743,0
9,83.22004004308765,16.354520123050513,0.0,0.0,122.32538412994013,12.473807542163373,74.37171709392894,1019.7297020603191,0,0.0,341.6317594127291,river_basin,loam,0.9093204020787821,12.199933155652419,0.0,-3.1585059548649936,2.0104421337392546,0.4566996321969135,0
9,83.27328742667804,16.50598305473824,0.0,0.0,111.70596957898836,13.929561790209338,43.68004411423022,1027.090459664121,0,0.0,341.6317594127291,river_basin,loam,0.9093204020787821,12.199933155652419,0.0,-0.0337659598302377,5.292780211721445,0.41793821357468336,0
9,73.98851811181453,30.379943091695274,0.0,0.0,112.28125646178505,32.147068439293605,45.254429637541264,1011.3813523464227,0,0.0,341.6317594127291,river_basin,loam,0.9093204020787821,12.199933155652419,0.0,-1.693015915540425,7.166372853134391,0.4000187508835101,0
9,83.26046128373099,17.05003082038557,0.0,0.0,80.96461067874807,17.442996201462922,66.44830774100211,1026.7623197063558,0,0.0,341.6317594127291,river_basin,loam,0.9093204020787821,12.199933155652419,0.0,-0.8676131741756368,9.150532443587954,0.462375566851612,0
9,83.13943424406902,19.567468878883215,0.0,33.3660669907886,98.29602412316608,33.34733595374658,51.000768574145894,1022.3615359412821,0,0.0,341.6317594127291,river_basin,loam,0.9093204020787821,12.199933155652419,0.0,1.8385221833625836,3.729282590492888,0.46495899222673526,0
9,75.2737417493252,24.28387382143634,0.0,3.9328397869673424,81.99883880418169,31.272658053774993,59.80039465947205,1017.5190619763333,0,0.0,341.6317594127291,river_basin,loam,0.9093204020787821,12.199933155652419,0.0,0.08312558526711007,1.1447010758227378,0.4107122902440717,0
9,77.77162508781105,22.463410150505148,0.0,0.0,67.34493174219683,26.28500896752292,64.76881097233667,1021.3817721959944,0,0.0,341.6317594127291,river_basin,loam,0.9093204020787821,12.199933155652419,0.0,-3.9779381354916845,0.15211840021238354,0.41810515078496074,0
9,77.81290329889447,23.493833468697304,0.0,0.0,118.72954809487702,10.93379087039532,62.51719298603502,1026.3321056138004,0,0.0,341.6317594127291,river_basin,loam,0.9093204020787821,12.199933155652419,0.0,3.264304487690589,4.632052322969095,0.42714637174093645,0
9,81.04192258705699,17.928429620221557,0.47376587083277766,0.0,76.53454078690893,13.265599171732294,90.70701856669046,1004.2443789956674,0,0.0,341.6317594127291,river_basin,loam,0.9093204020787821,12.199933155652419,1.6648094397892366,-0.4575686878387631,0.8384576742978063,0.4812794997826452,0
9,89.45983517971594,7.35847310656667,6.885414322988393,39.49390146312295,78.95272728351586,20.596447354231792,30.95085504832955,1019.0554398258558,0,0.0,341.6317594127291,river_basin,loam,0.9093204020787821,12.199933155652419,46.644138549561106,-2.2432924730663895,7.2560960812996775,0.5125249729892734,1
9,85.35033538371671,13.99408060842895,0.0,0.0,86.5451870045784,14.31601601950728,46.39419556244418,1009.4180200871223,0,0.0,341.6317594127291,river_basin,loam,0.9093204020787821,12.199933155652419,0.0,-2.140316927013721,1.3356814823086538,0.41133298345877795,0
9,73.86203230945404,26.688524748747597,0.0,44.41837893760337,71.95966394195197,18.36662524961362,50.77068908709643,1033.229420763066,0,0.0,341.6317594127291,river_basin,loam,0.9093204020787821,12.199933155652419,0.0,5.852314677036586,6.03290764353739,0.46446661468402367,0
9,88.77287055431944,11.76815639661336,0.0,6.729232245362207,96.49017071651164,22.18913408197312,54.776375062736705,1018.0538901173213,0,0.0,341.6317594127291,river_basin,loam,0.9093204020787821,12.199933155652419,0.0,0.04002761000322097,3.7682214081673178,0.4469545634066679,0
9,107.28782523096658,-7.533763124235314,28.32096543954963,30.619822150849306,116.36030961038156,26.093511459431163,64.15679996360564,1009.5313601207539,0,0.770430122621128,341.6317594127291,river_basin,loam,0.9093204020787821,12.199933155652419,153.9269075315397,4.677301881109122,3.446348345626535,0.6041697009713003,1
9,82.0506937620775,18.92728529924259,0.0,35.304526009797165,65.59056531941145,10.008253981486911,60.69712495168899,1018.6076126800557,0,0.0,341.6317594127291,river_basin,loam,0.9093204020787821,12.199933155652419,0.0,-1.4310255322454972,0.22283449712741,0.4739796992371808,0
9,79.30575151836415,20.444543644782517,0.0,3.4957469465606916,96.48481551907302,34.68288872996571,81.48124851610879,996.8970184448884,1,0.0,341.6317594127291,river_basin,loam,0.9093204020787821,12.199933155652419,0.0,-1.3190757445262182,1.6623671554105401,0.4651939566477958,0
9,81.79338002970049,20.980539750846074,0.0,0.0,115.40401220363381,21.495560772729476,43.66203173540035,1021.5443775114055,0,0.0,341.6317594127291,river_basin,loam,0.9093204020787821,12.199933155652419,0.0,-4.331237987695603,4.4028983542717555,0.41151646872749176,0
9,86.0472818319167,13.45841485325971,12.914313626568562,38.304154472013536,74.01222140619207,24.173761890970255,79.68813605406248,1022.3376207524992,0,0.0,341.6317594127291,river_basin,loam,0.9093204020787821,12.199933155652419,61.45571653269623,1.2649173722963527,2.3880056383114674,0.5589180977348731,1
9,85.76455149895646,13.84953079591013,7.701061316567922,1.1530356045958792,76.96129822560432,12.322492862352984,34.10590250869702,1012.3405639166705,0,0.0,341.6317594127291,river_basin,loam,0.9093204020787821,12.199933155652419,42.46185309840968,-1.1082718924206456,3.8177029353793213,0.43696091117973535,0
9,73.74741806380489,26.9655361455341,0.0,0.0,115.13615858367388,26.137263479158822,91.50129081176244,1017.9353729420377,0,0.0,341.6317594127291,river_basin,loam,0.9093204020787821,12.199933155652419,0.0,1.8740534628176886,1.3210231516658464,0.4648740077801485,0
9,85.449270934014,9.824370943903542,9.749792535163301,0.0,96.33561463389381,10.432503068524245,80.60479911522135,1022.6136648804993,0,0.0,341.6317594127291,river_basin,loam,0.9093204020787821,12.199933155652419,57.112113929219525,-2.7729788413824865,2.619215851566976,0.49614360718814693,0
9,75.26876094526155,22.72301420522156,0.0,4.04118934677147,86.89224143853377,22.66779409831996,64.32910372279399,1007.9021027104027,0,0.0,341.6317594127291,river_basin,loam,0.9093204020787821,12.199933155652419,0.0,3.2093812597620652,1.9094432172966451,0.42221383099922266,0
9,92.30810717766566,5.913152289884636,31.706322594575138,0.0,91.17238042446091,14.810275947178482,88.11699389586659,1014.5908652584386,1,0.0,341.6317594127291,river_basin,loam,0.9093204020787821,12.199933155652419,67.44222967909776,1.3755276971235373,4.976514502646115,0.5795425777052099,1
9,91.58165513071093,11.906764514473194,0.0,0.0,82.61564901226502,11.679629913097532,46.42601088109312,996.2491919953824,0,0.0,341.6317594127291,river_basin,loam,0.9093204020787821,12.199933155652419,0.0,-3.0984048902956767,7.521064503426148,0.4456877766479452,0
9,81.22492143737861,21.29925955467308,0.0,0.7751320741730668,102.69137705560959,31.28565986037515,91.25975950466426,1015.5995530654424,1,0.0,341.6317594127291,river_basin,loam,0.9093204020787821,12.199933155652419,0.0,4.27656463291751,8.256269215450098,0.5053175507722107,1
9,72.9701450855525,26.231713835961312,0.0,0.0,117.33865166981435,26.77531187112175,71.96954613632565,1004.7526602049763,0,0.0,341.6317594127291,river_basin,loam,0.9093204020787821,12.199933155652419,0.0,3.633891650411735,1.6152081189368974,0.42472240585283116,0
9,88.16334908512984,13.12881739729387,0.0,0.0,121.10396491792416,34.87955301562347,34.913731885504085,1020.2307032413557,0,0.0,341.6317594127291,river_basin,loam,0.9093204020787821,12.199933155652419,0.0,0.3798279418402228,0.3286447217621645,0.41544387798416255,0
9,67.75884595573808,32.06685725959107,0.0,0.0,106.31162240432211,34.51480309511968,82.29631644046096,999.3613206637066,0,0.0,341.6317594127291,river_basin,loam,0.9093204020787821,12.199933155652419,0.0,-1.233345370156457,0.115715062829718,0.42766494350521184,0
9,81.55045007305944,19.07082812607014,1.5716152949431212,0.0,71.55960604552357,33.30325183252909,59.40042135962604,1003.0070619237367,0,0.0,341.6317594127291,river_basin,loam,0.9093204020787821,12.199933155652419,10.61007376451191,-1.925337068818051,3.1681993295528867,0.4291405298612908,0
9,71.33385168069039,26.41611018614833,0.0,0.0,84.70546753117121,20.294113755659435,36.29799047567093,1023.9523155592838,0,0.0,341.6317594127291,river_basin,loam,0.9093204020787821,12.199933155652419,0.0,-0.7768224819775503,1.1135803130048232,0.3751298359257768,0
9,79.30283968996257,24.117044412036634,0.0,46.78944311814802,98.51164267021402,27.04993618201834,51.93585517738374,1016.9243770407622,0,0.0,341.6317594127291,river_basin,loam,0.9093204020787821,12.199933155652419,0.0,2.464818194493362,2.742239243422131,0.4742759479560323,0
9,82.48992624891501,14.574237395807387,0.0,0.0,110.59206809330408,30.202758665358587,60.14618462409795,1001.9985758372896,0,0.0,341.6317594127291,river_basin,loam,0.9093204020787821,12.199933155652419,0.0,-0.7786112415071409,0.5140319222971299,0.4219082346936676,0
9,76.59906526345875,22.202329159293793,0.0,0.0,83.956536340688,15.906174192877867,89.04486557913216,1016.5829981493276,0,0.0,341.6317594127291,river_basin,loam,0.9093204020787821,12.199933155652419,0.0,-2.7013255223312536,7.751394120392825,0.48648222488700293,0
9,87.6192970247215,15.892906154665564,0.0,0.0,89.07641260889515,25.717108335615123,89.44436963639615,1008.3943397024044,0,0.0,341.6317594127291,river_basin,loam,0.9093204020787821,12.199933155652419,0.0,-5.598897654872971,0.45683879553325923,0.4933378311843439,0
9,89.15616914443247,11.307272855995915,4.466779195488472,0.0,76.63492806047995,10.16220209451316,75.94488323289139,1014.6358911436628,0,0.0,341.6317594127291,river_basin,loam,0.9093204020787821,12.199933155652419,19.698714626280648,0.3947452108793201,0.5687884174013869,0.4795047910365661,0
9,81.3682304735554,19.001663065096757,0.0,0.0,65.42042959529027,28.294300627174685,78.86160769610143,992.2571917967041,0,0.0,341.6317594127291,river_basin,loam,0.9093204020787821,12.199933155652419,0.0,-2.053420983570532,0.8520770879655597,0.45750931278104107,0
9,81.77048475489075,19.394976361764382,0.0,6.722991807156973,80.23139810359156,31.438828177497832,54.35245095746197,1023.0096459028898,0,0.0,341.6317594127291,river_basin,loam,0.9093204020787821,12.199933155652419,0.0,-0.8761457135626145,7.910940254375709,0.4407719362700771,0
9,89.07456350186351,11.9429631602351,0.0,0.0,76.88419147004365,13.866882578197817,61.309704962999966,995.3048976364753,0,0.0,341.6317594127291,river_basin,loam,0.9093204020787821,12.199933155652419,0.0,1.2881370859899137,12.136866921898422,0.47579821186804855,0
9,80.28072449867061,20.425353998159395,0.0,0.0,66.34456133297341,16.284350182260347,50.10624032409277,1010.4031313655893,0,0.0,341.6317594127291,river_basin,loam,0.9093204020787821,12.199933155652419,0.0,-5.719040077348884,6.146787403091624,0.4131254889103314,0
9,82.66656500463547,18.494073349883628,0.703804975625777,0.0,115.61138063664325,32.398362407297554,45.51477729303434,1026.7412539250215,0,0.0,341.6317594127291,river_basin,loam,0.9093204020787821,12.199933155652419,4.285663095992168,2.267376996197018,6.624165278513173,0.4218017184510889,0
